heading,subchapter,referenced_in_engine,review,rate,description
9903.01.01,"Subchapter III – Temporary modifications (232, 301, 122, IEEPA, 201, 338, …)",yes,,The duty provided in the applicable subheading + 25%,"Except for products described in headings 9903.01.02, 9903.01.03, 9903.01.04 and 9903.01.05 articles the product of Mexico, as provided for in U.S. note 2(a) to this subchapter"
9903.01.02,"Subchapter III – Temporary modifications (232, 301, 122, IEEPA, 201, 338, …)",no,,The duty provided in the applicable subheading,"Articles the product of Mexico that are donations, by persons subject to the jurisdiction of the United States, of articles, such as food, clothing, and medicine, intended to be used to relieve human suffering, as provided for in U.S. note 2(b) to this subchapter"
9903.01.03,"Subchapter III – Temporary modifications (232, 301, 122, IEEPA, 201, 338, …)",no,,The duty provided in the applicable subheading,"Articles the product of Mexico that are informational materials, including but not limited to, publications, films, posters, phonograph records, photographs, microfilms, microfiche, tapes, compact disks, CD ROMs, artworks, and news wire feeds"
9903.01.04,"Subchapter III – Temporary modifications (232, 301, 122, IEEPA, 201, 338, …)",no,,No change,"Articles that are entered free of duty under the terms of general note 11 to the HTSUS, including any treatment set forth in subchapter XXIII of chapter 98 and subchapter XXII of chapter 99 of the HTS, as related to the USMCA"
9903.01.05,"Subchapter III – Temporary modifications (232, 301, 122, IEEPA, 201, 338, …)",no,,The duty provided in the applicable subheading + 10%,"Potash that is a product of Mexico, as provided for in U.S. note 2(c) to this subchapter"
9903.01.10,"Subchapter III – Temporary modifications (232, 301, 122, IEEPA, 201, 338, …)",yes,,The duty provided in the applicable subheading + 35%,"Except for products described in headings 9903.01.11, 9903.01.12, 9903.01.13, 9903.01.14 or 9903.01.15, articles the product of Canada, as provided for in U.S. note 2(j) to this subchapter"
9903.01.11,"Subchapter III – Temporary modifications (232, 301, 122, IEEPA, 201, 338, …)",no,,The duty provided in the applicable subheading,"Articles the product of Canada that are donations, by persons subject to the jurisdiction of the United States, of articles, such as food, clothing, and medicine, intended to be used to relieve human suffering, as provided for in U.S. note 2(k) to this subchapter"
9903.01.12,"Subchapter III – Temporary modifications (232, 301, 122, IEEPA, 201, 338, …)",no,,The duty provided in the applicable subheading,"Articles the product of Canada that are informational materials, including but not limited to, publications, films, posters, phonograph records, photographs, microfilms, microfiche, tapes, compact disks, CD ROMs, artworks, and news wire feeds"
9903.01.13,"Subchapter III – Temporary modifications (232, 301, 122, IEEPA, 201, 338, …)",no,,The duty provided in the applicable subheading + 10%,"Crude oil, natural gas, lease condensates, natural gas liquids, refined petroleum products, uranium, coal, biofuels, geothermal heat, the kinetic movement of flowing water, and critical minerals, as defined by 30 U.S.C. 1606(a)(3)"
9903.01.14,"Subchapter III – Temporary modifications (232, 301, 122, IEEPA, 201, 338, …)",no,,No change,"Articles that are entered free of duty under the terms of general note 11 to the HTSUS, including any treatment set forth in subchapter XXIII of chapter 98 and subchapter XXII of chapter 99 of the HTS, as related to the USMCA."
9903.01.15,"Subchapter III – Temporary modifications (232, 301, 122, IEEPA, 201, 338, …)",no,,The duty provided in the applicable subheading +10%,"Potash that is a product of Canada, as provided for in U.S. note 2(I) to this subchapter"
9903.01.16,"Subchapter III – Temporary modifications (232, 301, 122, IEEPA, 201, 338, …)",no,,The duty provided in the applicable subheading + 40%,"Except for products described in 9903.01.11, 9903.01.12, and 9903.01.14, articles the product of Canada as provided for in subdivision (m) to note 2 to this subchapter and determined by CBP to have been transshipped to evade applicable duties"
9903.01.21,"Subchapter III – Temporary modifications (232, 301, 122, IEEPA, 201, 338, …)",no,"Needs review (see 9903.01.20, expired)",The duty provided in the applicable subheading,"Articles the product of China and Hong Kong that are donations, by persons subject to the jurisdiction of the United States, of articles, such as food, clothing, and medicine, intended to be used to relieve human suffering, as provided for in U.S. note 2(t) to this subchapter"
9903.01.22,"Subchapter III – Temporary modifications (232, 301, 122, IEEPA, 201, 338, …)",no,"Needs review (see 9903.01.20, expired)",The duty provided in the applicable subheading,"Articles the product of China and Hong Kong that are informational materials, including but not limited to, publications, films, posters, phonograph records, photographs, microfilms, microfiche, tapes, compact disks, CD ROMs, artworks, and news wire feeds"
9903.01.23,"Subchapter III – Temporary modifications (232, 301, 122, IEEPA, 201, 338, …)",no,"Needs review (see 9903.01.20, expired)",The duty provided in the applicable subheading,"Except for products described in headings 9903.01.21 and 9903.01.22, and other than products for personal use included in accompanied baggage of persons arriving in the United States, articles the product of China and Hong Kong that: (1) were loaded onto a vessel at the port of loading, or in transit on the final mode of transport prior to entry into the United States, before 12:01 a.m. eastern standard time on February 1, 2025; and (2) are entered for consumption, or withdrawn from warehouse for consumption, on or after 12:01 a.m. eastern standard time on February 4, 2025, and before 12:01 a.m. eastern standard time on March 7, 2025."
9903.01.24,"Subchapter III – Temporary modifications (232, 301, 122, IEEPA, 201, 338, …)",yes,"Needs review (see 9903.01.20, expired)",The duty provided in the applicable subheading + 10%,"Except for products described in headings 9903.01.21, 9903.01.22, 9903.01.23, articles the product of China and Hong Kong, as provided for in U.S. note 2(u) to this subchapter"
9903.01.25,"Subchapter III – Temporary modifications (232, 301, 122, IEEPA, 201, 338, …)",yes,,The duty provided in the applicable subheading + 10%,"Articles the product of any country, except for products described in headings 9903.01.26–9903.01.33, 9903.02.02–9903.02.91, 9903.96.01, and 9903.96.02, and except as provided for in headings 9903.01.34 and 9903.02.01, as provided for in subdivision (v) of U.S. note 2 to this subchapter"
9903.01.26,"Subchapter III – Temporary modifications (232, 301, 122, IEEPA, 201, 338, …)",yes,,The duty provided in the applicable subheading,"Articles the product of Canada, as provided for in subdivision (v)(iv) of U.S. note 2 to this subchapter"
9903.01.27,"Subchapter III – Temporary modifications (232, 301, 122, IEEPA, 201, 338, …)",yes,,The duty provided in the applicable subheading,"Articles the product of Mexico, as provided for in subdivision (v)(v) of U.S. note 2 to this subchapter"
9903.01.28,"Subchapter III – Temporary modifications (232, 301, 122, IEEPA, 201, 338, …)",yes,,The duty provided in the applicable subheading,"Articles the product of any country that (1) were loaded onto a vessel at the port of loading and in transit on the final mode of transit prior to entry into the United States, before 12:01 a.m. eastern daylight time on April 5, 2025; and (2) are entered for consumption, or withdrawn from warehouse for consumption after 12:01 a.m. eastern daylight time on April 5, 2025"
9903.01.29,"Subchapter III – Temporary modifications (232, 301, 122, IEEPA, 201, 338, …)",yes,,,Articles the product of any country identified in general note 3(b)
9903.01.30,"Subchapter III – Temporary modifications (232, 301, 122, IEEPA, 201, 338, …)",yes,,The duty provided in the applicable subheading,"Articles that are donations, by persons subject to the jurisdiction of the United States, such as food, clothing, and medicine, intended to be used to relieve human suffering, as provided for in subdivision (v)(ii) of U.S. note 2 to this subchapter"
9903.01.31,"Subchapter III – Temporary modifications (232, 301, 122, IEEPA, 201, 338, …)",yes,,The duty provided in the applicable subheading,"Articles that are informational materials, including but not limited to, publications, films, posters, phonograph records, photographs, microfilms, microfiche, tapes, compact disks, CD ROMs, artworks, and news wire feeds"
9903.01.32,"Subchapter III – Temporary modifications (232, 301, 122, IEEPA, 201, 338, …)",yes,,The duty provided in the applicable subheading,"Articles the product of any country, classified in the subheadings enumerated in subdivision (v)(iii)(a) of U.S. note 2 to this subchapter"
9903.01.33,"Subchapter III – Temporary modifications (232, 301, 122, IEEPA, 201, 338, …)",yes,,The duty provided in the applicable subheading,"Articles of iron or steel; derivative articles of iron or steel; articles of aluminum; derivative articles of aluminum; wood products; passenger vehicles (sedans, sport utility vehicles, crossover utility vehicles, minivans and cargo vans); light trucks; parts of passenger vehicles (sedans, sport utility vehicles, crossover utility vehicles, minivans and cargo vans) and light trucks; medium- and heavy-duty vehicles; parts of medium- and heavy-duty vehicles; semiconductor articles; semi-finished copper; and intensive copper derivative products, of any country, as provided in subdivisions (v)(vi) through (v)(xvi) of U.S. note 2 to this subchapter"
9903.01.34,"Subchapter III – Temporary modifications (232, 301, 122, IEEPA, 201, 338, …)",yes,,The duty provided in the applicable subheading,"The U.S. content of articles the product of any country, in which the U.S. content of the article provides at least 20 percent of the Customs value of the imported article, as provided for in subdivision (v)(xvii) of U.S. note 2 to this subchapter"
9903.01.77,"Subchapter III – Temporary modifications (232, 301, 122, IEEPA, 201, 338, …)",no,,The duty provided in the applicable subheading + 40%,"Except for products described in headings 9903.01.78-9903.01.83 and 9903.01.90, articles the product of Brazil that are entered for consumption, or withdrawn from warehouse for consumption, after 12:01 a.m. eastern daylight time 7 days after the date of the executive order, excluding the day the executive order is signed, as provided for in subdivision (x) of U.S. note 2 to this subchapter [Compiler’s note: Executive Order 14323 (90 Fed. Reg. 37739) was signed on July 30, 2025, and became effective on August 6, 2025.]"
9903.01.78,"Subchapter III – Temporary modifications (232, 301, 122, IEEPA, 201, 338, …)",no,,The duty provided in the applicable subheading,"Articles the product of Brazil that (1) were loaded onto a vessel at the port of loading and in transit on the final mode of transit prior to entry into the United States, before 12:01 a.m. eastern day light time 7 days after the date of the executive order, excluding the day the executive order is signed; and (2) are entered for consumption, or withdrawn from warehouse for consumption before 12:01 a.m. eastern daylight time on October 5, 2025 [Compiler’s note: Executive Order 14323 (90 Fed. Reg. 37739) was signed on July 30, 2025, and became effective on August 6, 2025.]"
9903.01.79,"Subchapter III – Temporary modifications (232, 301, 122, IEEPA, 201, 338, …)",no,,The duty provided in the applicable subheading,"Articles the product of Brazil that are donations, by persons subject to the jurisdiction of the United States, such as food, clothing, and medicine, intended to be used to relieve human suffering, as provided for in subdivision (x)(ii) of U.S. note 2 to this subchapter"
9903.01.80,"Subchapter III – Temporary modifications (232, 301, 122, IEEPA, 201, 338, …)",no,,The duty provided in the applicable subheading,"Articles the product of Brazil that are informational materials, including but not limited to, publications, films, posters, phonograph records, photographs, microfilms, microfiche, tapes, compact disks, CD ROMs, artworks, and news wire feeds"
9903.01.81,"Subchapter III – Temporary modifications (232, 301, 122, IEEPA, 201, 338, …)",no,,The duty provided in the applicable subheading,"Articles the product of Brazil, classified in the subheadings enumerated in subdivision (x)(iii)(a) of U.S. note 2 to this subchapter"
9903.01.82,"Subchapter III – Temporary modifications (232, 301, 122, IEEPA, 201, 338, …)",no,,The duty provided in the applicable subheading,"Articles of civil aircraft (all aircraft other than military aircraft); their engines, parts, and components; their other parts, components, and subassemblies; and ground flight simulators and their parts and components of Brazil, classified in the subheadings enumerated in subdivision (x)(iv) of U.S. note 2 to this subchapter"
9903.01.83,"Subchapter III – Temporary modifications (232, 301, 122, IEEPA, 201, 338, …)",no,,The duty provided in the applicable subheading,"Articles of iron or steel; derivative articles of iron or steel; articles of aluminum; derivative articles of aluminum; wood products; passenger vehicles (sedans, sport utility vehicles, crossover utility vehicles, minivans and cargo vans); light trucks; parts of passenger vehicles (sedans, sport utility vehicles, crossover utility vehicles, minivans and cargo vans) and light trucks; medium- and heavy-duty vehicles; parts of medium- and heavy-duty vehicles; semiconductor articles; semi-finished copper; and intensive copper derivative products, of Brazil, as provided in subdivisions (x)(v) through (x)(xv) of U.S. note 2 to this subchapter"
9903.01.90,"Subchapter III – Temporary modifications (232, 301, 122, IEEPA, 201, 338, …)",no,,The duty provided in the applicable subheading,"Articles the product of Brazil, as provided for in subdivision (x)(iii)(b) of U.S. note 2 to this subchapter"
9903.02.01,"Subchapter III – Temporary modifications (232, 301, 122, IEEPA, 201, 338, …)",yes,,The duty provided in the applicable subheading + 40%,"Articles the product of any country determined by U.S. Customs and Border Protection to have been transshipped to evade applicable duties under section 2 of Executive Order [Insert EO number], as amended [Compiler's note: [Insert EO Number] refers to Executive Order 14326, 90 Fed. Reg. 37963.]"
9903.02.02,"Subchapter III – Temporary modifications (232, 301, 122, IEEPA, 201, 338, …)",yes,,The duty provided in the applicable subheading + 15%,"Except for goods loaded onto a vessel at the port of loading and in transit on the final mode of transit before 12:01 a.m. eastern daylight time on August 7, 2025, and entered for consumption or withdrawn from warehouse for consumption before 12:01 a.m. eastern daylight time on October 5, 2025, except for products described in headings 9903.01.30-9903.01.33 and 9903.02.78, and except as provided for in headings 9903.01.34 and 9903.02.01, articles the product of Afghanistan, as provided for in subdivision (v) of U.S. note 2 to this subchapter"
9903.02.03,"Subchapter III – Temporary modifications (232, 301, 122, IEEPA, 201, 338, …)",yes,,The duty provided in the applicable subheading + 30%,"Except for goods loaded onto a vessel at the port of loading and in transit on the final mode of transit before 12:01 a.m. eastern daylight time on August 7, 2025, and entered for consumption or withdrawn from warehouse for consumption before 12:01 a.m. eastern daylight time on October 5, 2025, except for products described in headings 9903.01.30-9903.01.33 and 9903.02.78, and except as provided for in headings 9903.01.34 and 9903.02.01, articles the product of Algeria, as provided for in subdivision (v) of U.S. note 2 to this subchapter"
9903.02.04,"Subchapter III – Temporary modifications (232, 301, 122, IEEPA, 201, 338, …)",yes,,The duty provided in the applicable subheading + 15%,"Except for goods loaded onto a vessel at the port of loading and in transit on the final mode of transit before 12:01 a.m. eastern daylight time on August 7, 2025, and entered for consumption or withdrawn from warehouse for consumption before 12:01 a.m. eastern daylight time on October 5, 2025, except for products described in headings 9903.01.30-9903.01.33 and 9903.02.78, and except as provided for in headings 9903.01.34 and 9903.02.01, articles the product of Angola, as provided for in subdivision (v) of U.S. note 2 to this subchapter"
9903.02.05,"Subchapter III – Temporary modifications (232, 301, 122, IEEPA, 201, 338, …)",yes,,The duty provided in the applicable subheading + 20%,"Except for goods loaded onto a vessel at the port of loading and in transit on the final mode of transit before 12:01 a.m. eastern daylight time on August 7, 2025, and entered for consumption or withdrawn from warehouse for consumption before 12:01 a.m. eastern daylight time on October 5, 2025, except for products described in headings 9903.01.30-9903.01.33 and 9903.02.78, and except as provided for in headings 9903.01.34 and 9903.02.01, articles the product of Bangladesh, as provided for in subdivision (v) of U.S. note 2 to this subchapter"
9903.02.06,"Subchapter III – Temporary modifications (232, 301, 122, IEEPA, 201, 338, …)",yes,,The duty provided in the applicable subheading + 15%,"Except for goods loaded onto a vessel at the port of loading and in transit on the final mode of transit before 12:01 a.m. eastern daylight time on August 7, 2025, and entered for consumption or withdrawn from warehouse for consumption before 12:01 a.m. eastern daylight time on October 5, 2025, except for products described in headings 9903.01.30-9903.01.33 and 9903.02.78, and except as provided for in headings 9903.01.34 and 9903.02.01, articles the product of Bolivia, as provided for in subdivision (v) of U.S. note 2 to this subchapter"
9903.02.07,"Subchapter III – Temporary modifications (232, 301, 122, IEEPA, 201, 338, …)",yes,,The duty provided in the applicable subheading + 30%,"Except for goods loaded onto a vessel at the port of loading and in transit on the final mode of transit before 12:01 a.m. eastern daylight time on August 7, 2025, and entered for consumption or withdrawn from warehouse for consumption before 12:01 a.m. eastern daylight time on October 5, 2025, except for products described in headings 9903.01.30-9903.01.33 and 9903.02.78, and except as provided for in headings 9903.01.34 and 9903.02.01, articles the product of Bosnia and Herzegovina, as provided for in subdivision (v) of U.S. note 2 to this subchapter"
9903.02.08,"Subchapter III – Temporary modifications (232, 301, 122, IEEPA, 201, 338, …)",yes,,The duty provided in the applicable subheading + 15%,"Except for goods loaded onto a vessel at the port of loading and in transit on the final mode of transit before 12:01 a.m. eastern daylight time on August 7, 2025, and entered for consumption or withdrawn from warehouse for consumption before 12:01 a.m. eastern daylight time on October 5, 2025, except for products described in headings 9903.01.30-9903.01.33 and 9903.02.78, and except as provided for in headings 9903.01.34 and 9903.02.01, articles the product of Botswana, as provided for in subdivision (v) of U.S. note 2 to this subchapter"
9903.02.09,"Subchapter III – Temporary modifications (232, 301, 122, IEEPA, 201, 338, …)",yes,,The duty provided in the applicable subheading + 10%,"Except for goods loaded onto a vessel at the port of loading and in transit on the final mode of transit before 12:01 a.m. eastern daylight time on August 7, 2025, and entered for consumption or withdrawn from warehouse for consumption before 12:01 a.m. eastern daylight time on October 5, 2025, except for products described in headings 9903.01.30-9903.01.33 and 9903.02.78, and except as provided for in headings 9903.01.34 and 9903.02.01, articles the product of Brazil, as provided for in subdivision (v) of U.S. note 2 to this subchapter"
9903.02.10,"Subchapter III – Temporary modifications (232, 301, 122, IEEPA, 201, 338, …)",yes,,The duty provided in the applicable subheading + 25%,"Except for goods loaded onto a vessel at the port of loading and in transit on the final mode of transit before 12:01 a.m. eastern daylight time on August 7, 2025, and entered for consumption or withdrawn from warehouse for consumption before 12:01 a.m. eastern daylight time on October 5, 2025, except for products described in headings 9903.01.30-9903.01.33 and 9903.02.78, and except as provided for in headings 9903.01.34 and 9903.02.01, articles the product of Brunei, as provided for in subdivision (v) of U.S. note 2 to this subchapter"
9903.02.11,"Subchapter III – Temporary modifications (232, 301, 122, IEEPA, 201, 338, …)",yes,,The duty provided in the applicable subheading + 19%,"Except for goods loaded onto a vessel at the port of loading and in transit on the final mode of transit before 12:01 a.m. eastern daylight time on August 7, 2025, and entered for consumption or withdrawn from warehouse for consumption before 12:01 a.m. eastern daylight time on October 5, 2025, except for products described in headings 9903.01.30-9903.01.33 and 9903.02.78, and except as provided for in headings 9903.01.34 and 9903.02.01, articles the product of Cambodia, as provided for in subdivision (v) of U.S. note 2 to this subchapter"
9903.02.12,"Subchapter III – Temporary modifications (232, 301, 122, IEEPA, 201, 338, …)",yes,,The duty provided in the applicable subheading + 15%,"Except for goods loaded onto a vessel at the port of loading and in transit on the final mode of transit before 12:01 a.m. eastern daylight time on August 7, 2025, and entered for consumption or withdrawn from warehouse for consumption before 12:01 a.m. eastern daylight time on October 5, 2025, except for products described in headings 9903.01.30-9903.01.33 and 9903.02.78, and except as provided for in headings 9903.01.34 and 9903.02.01, articles the product of Cameroon, as provided for in subdivision (v) of U.S. note 2 to this subchapter"
9903.02.13,"Subchapter III – Temporary modifications (232, 301, 122, IEEPA, 201, 338, …)",yes,,The duty provided in the applicable subheading + 15%,"Except for goods loaded onto a vessel at the port of loading and in transit on the final mode of transit before 12:01 a.m. eastern daylight time on August 7, 2025, and entered for consumption or withdrawn from warehouse for consumption before 12:01 a.m. eastern daylight time on October 5, 2025, except for products described in headings 9903.01.30-9903.01.33 and 9903.02.78, and except as provided for in headings 9903.01.34 and 9903.02.01, articles the product of Chad, as provided for in subdivision (v) of U.S. note 2 to this subchapter"
9903.02.14,"Subchapter III – Temporary modifications (232, 301, 122, IEEPA, 201, 338, …)",yes,,The duty provided in the applicable subheading + 15%,"Except for goods loaded onto a vessel at the port of loading and in transit on the final mode of transit before 12:01 a.m. eastern daylight time on August 7, 2025, and entered for consumption or withdrawn from warehouse for consumption before 12:01 a.m. eastern daylight time on October 5, 2025, except for products described in headings 9903.01.30-9903.01.33 and 9903.02.78, and except as provided for in headings 9903.01.34 and 9903.02.01, articles the product of Costa Rica, as provided for in subdivision (v) of U.S. note 2 to this subchapter"
9903.02.15,"Subchapter III – Temporary modifications (232, 301, 122, IEEPA, 201, 338, …)",yes,,The duty provided in the applicable subheading + 15%,"Except for goods loaded onto a vessel at the port of loading and in transit on the final mode of transit before 12:01 a.m. eastern daylight time on August 7, 2025, and entered for consumption or withdrawn from warehouse for consumption before 12:01 a.m. eastern daylight time on October 5, 2025, except for products described in headings 9903.01.30-9903.01.33 and 9903.02.78, and except as provided for in headings 9903.01.34 and 9903.02.01, articles the product of Côte d’Ivoire, as provided for in subdivision (v) of U.S. note 2 to this subchapter"
9903.02.16,"Subchapter III – Temporary modifications (232, 301, 122, IEEPA, 201, 338, …)",yes,,The duty provided in the applicable subheading + 15%,"Except for goods loaded onto a vessel at the port of loading and in transit on the final mode of transit before 12:01 a.m. eastern daylight time on August 7, 2025, and entered for consumption or withdrawn from warehouse for consumption before 12:01 a.m. eastern daylight time on October 5, 2025, except for products described in headings 9903.01.30-9903.01.33 and 9903.02.78, and except as provided for in headings 9903.01.34 and 9903.02.01, articles the product of Democratic Republic of the Congo, as provided for in subdivision (v) of U.S. note 2 to this subchapter"
9903.02.17,"Subchapter III – Temporary modifications (232, 301, 122, IEEPA, 201, 338, …)",yes,,The duty provided in the applicable subheading + 15%,"Except for goods loaded onto a vessel at the port of loading and in transit on the final mode of transit before 12:01 a.m. eastern daylight time on August 7, 2025, and entered for consumption or withdrawn from warehouse for consumption before 12:01 a.m. eastern daylight time on October 5, 2025, except for products described in headings 9903.01.30-9903.01.33 and 9903.02.78, and except as provided for in headings 9903.01.34 and 9903.02.01, articles the product of Ecuador, as provided for in subdivision (v) of U.S. note 2 to this subchapter"
9903.02.18,"Subchapter III – Temporary modifications (232, 301, 122, IEEPA, 201, 338, …)",yes,,The duty provided in the applicable subheading + 15%,"Except for goods loaded onto a vessel at the port of loading and in transit on the final mode of transit before 12:01 a.m. eastern daylight time on August 7, 2025, and entered for consumption or withdrawn from warehouse for consumption before 12:01 a.m. eastern daylight time on October 5, 2025, except for products described in headings 9903.01.30-9903.01.33 and 9903.02.78, and except as provided for in headings 9903.01.34 and 9903.02.01, articles the product of Equatorial Guinea, as provided for in subdivision (v) of U.S. note 2 to this subchapter"
9903.02.21,"Subchapter III – Temporary modifications (232, 301, 122, IEEPA, 201, 338, …)",yes,,The duty provided in the applicable subheading + 10%,"Except for goods loaded onto a vessel at the port of loading and in transit on the final mode of transit before 12:01 a.m. eastern daylight time on August 7, 2025, and entered for consumption or withdrawn from warehouse for consumption before 12:01 a.m. eastern daylight time on October 5, 2025, except for products described in headings 9903.01.30-9903.01.33 and 9903.02.78, and except as provided for in headings 9903.01.34 and 9903.02.01, articles the product of Falkland Islands, as provided for in subdivision (v) of U.S. note 2 to this subchapter"
9903.02.22,"Subchapter III – Temporary modifications (232, 301, 122, IEEPA, 201, 338, …)",yes,,The duty provided in the applicable subheading + 15%,"Except for goods loaded onto a vessel at the port of loading and in transit on the final mode of transit before 12:01 a.m. eastern daylight time on August 7, 2025, and entered for consumption or withdrawn from warehouse for consumption before 12:01 a.m. eastern daylight time on October 5, 2025, except for products described in headings 9903.01.30-9903.01.33 and 9903.02.78, and except as provided for in headings 9903.01.34 and 9903.02.01, articles the product of Fiji, as provided for in subdivision (v) of U.S. note 2 to this subchapter"
9903.02.23,"Subchapter III – Temporary modifications (232, 301, 122, IEEPA, 201, 338, …)",yes,,The duty provided in the applicable subheading + 15%,"Except for goods loaded onto a vessel at the port of loading and in transit on the final mode of transit before 12:01 a.m. eastern daylight time on August 7, 2025, and entered for consumption or withdrawn from warehouse for consumption before 12:01 a.m. eastern daylight time on October 5, 2025, except for products described in headings 9903.01.30-9903.01.33 and 9903.02.78, and except as provided for in headings 9903.01.34 and 9903.02.01, articles the product of Ghana, as provided for in subdivision (v) of U.S. note 2 to this subchapter"
9903.02.24,"Subchapter III – Temporary modifications (232, 301, 122, IEEPA, 201, 338, …)",yes,,The duty provided in the applicable subheading + 15%,"Except for goods loaded onto a vessel at the port of loading and in transit on the final mode of transit before 12:01 a.m. eastern daylight time on August 7, 2025, and entered for consumption or withdrawn from warehouse for consumption before 12:01 a.m. eastern daylight time on October 5, 2025, except for products described in headings 9903.01.30-9903.01.33 and 9903.02.78, and except as provided for in headings 9903.01.34 and 9903.02.01, articles the product of Guyana, as provided for in subdivision (v) of U.S. note 2 to this subchapter"
9903.02.25,"Subchapter III – Temporary modifications (232, 301, 122, IEEPA, 201, 338, …)",yes,,The duty provided in the applicable subheading + 15%,"Except for goods loaded onto a vessel at the port of loading and in transit on the final mode of transit before 12:01 a.m. eastern daylight time on August 7, 2025, and entered for consumption or withdrawn from warehouse for consumption before 12:01 a.m. eastern daylight time on October 5, 2025, except for products described in headings 9903.01.30-9903.01.33 and 9903.02.78, and except as provided for in headings 9903.01.34 and 9903.02.01, articles the product of Iceland, as provided for in subdivision (v) of U.S. note 2 to this subchapter"
9903.02.26,"Subchapter III – Temporary modifications (232, 301, 122, IEEPA, 201, 338, …)",yes,,The duty provided in the applicable subheading + 25%,"Except for goods loaded onto a vessel at the port of loading and in transit on the final mode of transit before 12:01 a.m. eastern daylight time on August 7, 2025, and entered for consumption or withdrawn from warehouse for consumption before 12:01 a.m. eastern daylight time on October 5, 2025, except for products described in headings 9903.01.30-9903.01.33 and 9903.02.78, and except as provided for in headings 9903.01.34 and 9903.02.01, articles the product of India, as provided for in subdivision (v) of U.S. note 2 to this subchapter"
9903.02.27,"Subchapter III – Temporary modifications (232, 301, 122, IEEPA, 201, 338, …)",yes,,The duty provided in the applicable subheading + 19%,"Except for goods loaded onto a vessel at the port of loading and in transit on the final mode of transit before 12:01 a.m. eastern daylight time on August 7, 2025, and entered for consumption or withdrawn from warehouse for consumption before 12:01 a.m. eastern daylight time on October 5, 2025, except for products described in headings 9903.01.30-9903.01.33 and 9903.02.78, and except as provided for in headings 9903.01.34 and 9903.02.01, articles the product of Indonesia, as provided for in subdivision (v) of U.S. note 2 to this subchapter"
9903.02.28,"Subchapter III – Temporary modifications (232, 301, 122, IEEPA, 201, 338, …)",yes,,The duty provided in the applicable subheading + 35%,"Except for goods loaded onto a vessel at the port of loading and in transit on the final mode of transit before 12:01 a.m. eastern daylight time on August 7, 2025, and entered for consumption or withdrawn from warehouse for consumption before 12:01 a.m. eastern daylight time on October 5, 2025, except for products described in headings 9903.01.30-9903.01.33 and 9903.02.78, and except as provided for in headings 9903.01.34 and 9903.02.01, articles the product of Iraq, as provided for in subdivision (v) of U.S. note 2 to this subchapter"
9903.02.29,"Subchapter III – Temporary modifications (232, 301, 122, IEEPA, 201, 338, …)",yes,,The duty provided in the applicable subheading + 15%,"Except for goods loaded onto a vessel at the port of loading and in transit on the final mode of transit before 12:01 a.m. eastern daylight time on August 7, 2025, and entered for consumption or withdrawn from warehouse for consumption before 12:01 a.m. eastern daylight time on October 5, 2025, except for products described in headings 9903.01.30-9903.01.33 and 9903.02.78, and except as provided for in headings 9903.01.34 and 9903.02.01, articles the product of Israel, as provided for in subdivision (v) of U.S. note 2 to this subchapter"
9903.02.31,"Subchapter III – Temporary modifications (232, 301, 122, IEEPA, 201, 338, …)",yes,,The duty provided in the applicable subheading + 15%,"Except for goods loaded onto a vessel at the port of loading and in transit on the final mode of transit before 12:01 a.m. eastern daylight time on August 7, 2025, and entered for consumption or withdrawn from warehouse for consumption before 12:01 a.m. eastern daylight time on October 5, 2025, except for products described in headings 9903.01.30-9903.01.33 and 9903.02.78, and except as provided for in headings 9903.01.34 and 9903.02.01, articles the product of Jordan, as provided for in subdivision (v) of U.S. note 2 to this subchapter"
9903.02.32,"Subchapter III – Temporary modifications (232, 301, 122, IEEPA, 201, 338, …)",yes,,The duty provided in the applicable subheading + 25%,"Except for goods loaded onto a vessel at the port of loading and in transit on the final mode of transit before 12:01 a.m. eastern daylight time on August 7, 2025, and entered for consumption or withdrawn from warehouse for consumption before 12:01 a.m. eastern daylight time on October 5, 2025, except for products described in headings 9903.01.30-9903.01.33 and 9903.02.78, and except as provided for in headings 9903.01.34 and 9903.02.01, articles the product of Kazakhstan, as provided for in subdivision (v) of U.S. note 2 to this subchapter"
9903.02.33,"Subchapter III – Temporary modifications (232, 301, 122, IEEPA, 201, 338, …)",yes,,The duty provided in the applicable subheading + 40%,"Except for goods loaded onto a vessel at the port of loading and in transit on the final mode of transit before 12:01 a.m. eastern daylight time on August 7, 2025, and entered for consumption or withdrawn from warehouse for consumption before 12:01 a.m. eastern daylight time on October 5, 2025, except for products described in headings 9903.01.30-9903.01.33 and 9903.02.78, and except as provided for in headings 9903.01.34 and 9903.02.01, articles the product of Laos, as provided for in subdivision (v) of U.S. note 2 to this subchapter"
9903.02.34,"Subchapter III – Temporary modifications (232, 301, 122, IEEPA, 201, 338, …)",yes,,The duty provided in the applicable subheading + 15%,"Except for goods loaded onto a vessel at the port of loading and in transit on the final mode of transit before 12:01 a.m. eastern daylight time on August 7, 2025, and entered for consumption or withdrawn from warehouse for consumption before 12:01 a.m. eastern daylight time on October 5, 2025, except for products described in headings 9903.01.30-9903.01.33 and 9903.02.78, and except as provided for in headings 9903.01.34 and 9903.02.01, articles the product of Lesotho, as provided for in subdivision (v) of U.S. note 2 to this subchapter"
9903.02.35,"Subchapter III – Temporary modifications (232, 301, 122, IEEPA, 201, 338, …)",yes,,The duty provided in the applicable subheading + 30%,"Except for goods loaded onto a vessel at the port of loading and in transit on the final mode of transit before 12:01 a.m. eastern daylight time on August 7, 2025, and entered for consumption or withdrawn from warehouse for consumption before 12:01 a.m. eastern daylight time on October 5, 2025, except for products described in headings 9903.01.30-9903.01.33 and 9903.02.78, and except as provided for in headings 9903.01.34 and 9903.02.01, articles the product of Libya, as provided for in subdivision (v) of U.S. note 2 to this subchapter"
9903.02.37,"Subchapter III – Temporary modifications (232, 301, 122, IEEPA, 201, 338, …)",yes,,The duty provided in the applicable subheading + 15%,"Except for goods loaded onto a vessel at the port of loading and in transit on the final mode of transit before 12:01 a.m. eastern daylight time on August 7, 2025, and entered for consumption or withdrawn from warehouse for consumption before 12:01 a.m. eastern daylight time on October 5, 2025, except for products described in headings 9903.01.30-9903.01.33 and 9903.02.78, and except as provided for in headings 9903.01.34 and 9903.02.01, articles the product of Madagascar, as provided for in subdivision (v) of U.S. note 2 to this subchapter"
9903.02.38,"Subchapter III – Temporary modifications (232, 301, 122, IEEPA, 201, 338, …)",yes,,The duty provided in the applicable subheading + 15%,"Except for goods loaded onto a vessel at the port of loading and in transit on the final mode of transit before 12:01 a.m. eastern daylight time on August 7, 2025, and entered for consumption or withdrawn from warehouse for consumption before 12:01 a.m. eastern daylight time on October 5, 2025, except for products described in headings 9903.01.30-9903.01.33 and 9903.02.78, and except as provided for in headings 9903.01.34 and 9903.02.01, articles the product of Malawi, as provided for in subdivision (v) of U.S. note 2 to this subchapter"
9903.02.39,"Subchapter III – Temporary modifications (232, 301, 122, IEEPA, 201, 338, …)",yes,,The duty provided in the applicable subheading + 19%,"Except for goods loaded onto a vessel at the port of loading and in transit on the final mode of transit before 12:01 a.m. eastern daylight time on August 7, 2025, and entered for consumption or withdrawn from warehouse for consumption before 12:01 a.m. eastern daylight time on October 5, 2025, except for products described in headings 9903.01.30-9903.01.33 and 9903.02.78, and except as provided for in headings 9903.01.34 and 9903.02.01, articles the product of Malaysia, as provided for in subdivision (v) of U.S. note 2 to this subchapter"
9903.02.40,"Subchapter III – Temporary modifications (232, 301, 122, IEEPA, 201, 338, …)",yes,,The duty provided in the applicable subheading + 15%,"Except for goods loaded onto a vessel at the port of loading and in transit on the final mode of transit before 12:01 a.m. eastern daylight time on August 7, 2025, and entered for consumption or withdrawn from warehouse for consumption before 12:01 a.m. eastern daylight time on October 5, 2025, except for products described in headings 9903.01.30-9903.01.33 and 9903.02.78, and except as provided for in headings 9903.01.34 and 9903.02.01, articles the product of Mauritius, as provided for in subdivision (v) of U.S. note 2 to this subchapter"
9903.02.41,"Subchapter III – Temporary modifications (232, 301, 122, IEEPA, 201, 338, …)",yes,,The duty provided in the applicable subheading + 25%,"Except for goods loaded onto a vessel at the port of loading and in transit on the final mode of transit before 12:01 a.m. eastern daylight time on August 7, 2025, and entered for consumption or withdrawn from warehouse for consumption before 12:01 a.m. eastern daylight time on October 5, 2025, except for products described in headings 9903.01.30-9903.01.33 and 9903.02.78, and except as provided for in headings 9903.01.34 and 9903.02.01, articles the product of Moldova, as provided for in subdivision (v) of U.S. note 2 to this subchapter"
9903.02.42,"Subchapter III – Temporary modifications (232, 301, 122, IEEPA, 201, 338, …)",yes,,The duty provided in the applicable subheading + 15%,"Except for goods loaded onto a vessel at the port of loading and in transit on the final mode of transit before 12:01 a.m. eastern daylight time on August 7, 2025, and entered for consumption or withdrawn from warehouse for consumption before 12:01 a.m. eastern daylight time on October 5, 2025, except for products described in headings 9903.01.30-9903.01.33 and 9903.02.78, and except as provided for in headings 9903.01.34 and 9903.02.01, articles the product of Mozambique, as provided for in subdivision (v) of U.S. note 2 to this subchapter"
9903.02.43,"Subchapter III – Temporary modifications (232, 301, 122, IEEPA, 201, 338, …)",yes,,The duty provided in the applicable subheading + 40%,"Except for goods loaded onto a vessel at the port of loading and in transit on the final mode of transit before 12:01 a.m. eastern daylight time on August 7, 2025, and entered for consumption or withdrawn from warehouse for consumption before 12:01 a.m. eastern daylight time on October 5, 2025, except for products described in headings 9903.01.30-9903.01.33 and 9903.02.78, and except as provided for in headings 9903.01.34 and 9903.02.01, articles the product of Myanmar (Burma), as provided for in subdivision (v) of U.S. note 2 to this subchapter"
9903.02.44,"Subchapter III – Temporary modifications (232, 301, 122, IEEPA, 201, 338, …)",yes,,The duty provided in the applicable subheading + 15%,"Except for goods loaded onto a vessel at the port of loading and in transit on the final mode of transit before 12:01 a.m. eastern daylight time on August 7, 2025, and entered for consumption or withdrawn from warehouse for consumption before 12:01 a.m. eastern daylight time on October 5, 2025, except for products described in headings 9903.01.30-9903.01.33 and 9903.02.78, and except as provided for in headings 9903.01.34 and 9903.02.01, articles the product of Namibia, as provided for in subdivision (v) of U.S. note 2 to this subchapter"
9903.02.45,"Subchapter III – Temporary modifications (232, 301, 122, IEEPA, 201, 338, …)",yes,,The duty provided in the applicable subheading + 15%,"Except for goods loaded onto a vessel at the port of loading and in transit on the final mode of transit before 12:01 a.m. eastern daylight time on August 7, 2025, and entered for consumption or withdrawn from warehouse for consumption before 12:01 a.m. eastern daylight time on October 5, 2025, except for products described in headings 9903.01.30-9903.01.33 and 9903.02.78, and except as provided for in headings 9903.01.34 and 9903.02.01, articles the product of Nauru, as provided for in subdivision (v) of U.S. note 2 to this subchapter"
9903.02.46,"Subchapter III – Temporary modifications (232, 301, 122, IEEPA, 201, 338, …)",yes,,The duty provided in the applicable subheading + 15%,"Except for goods loaded onto a vessel at the port of loading and in transit on the final mode of transit before 12:01 a.m. eastern daylight time on August 7, 2025, and entered for consumption or withdrawn from warehouse for consumption before 12:01 a.m. eastern daylight time on October 5, 2025, except for products described in headings 9903.01.30-9903.01.33 and 9903.02.78, and except as provided for in headings 9903.01.34 and 9903.02.01, articles the product of New Zealand, as provided for in subdivision (v) of U.S. note 2 to this subchapter"
9903.02.47,"Subchapter III – Temporary modifications (232, 301, 122, IEEPA, 201, 338, …)",yes,,The duty provided in the applicable subheading + 18%,"Except for goods loaded onto a vessel at the port of loading and in transit on the final mode of transit before 12:01 a.m. eastern daylight time on August 7, 2025, and entered for consumption or withdrawn from warehouse for consumption before 12:01 a.m. eastern daylight time on October 5, 2025, except for products described in headings 9903.01.30-9903.01.33 and 9903.02.78, and except as provided for in headings 9903.01.34 and 9903.02.01, articles the product of Nicaragua, as provided for in subdivision (v) of U.S. note 2 to this subchapter"
9903.02.48,"Subchapter III – Temporary modifications (232, 301, 122, IEEPA, 201, 338, …)",yes,,The duty provided in the applicable subheading + 15%,"Except for goods loaded onto a vessel at the port of loading and in transit on the final mode of transit before 12:01 a.m. eastern daylight time on August 7, 2025, and entered for consumption or withdrawn from warehouse for consumption before 12:01 a.m. eastern daylight time on October 5, 2025, except for products described in headings 9903.01.30-9903.01.33 and 9903.02.78, and except as provided for in headings 9903.01.34 and 9903.02.01, articles the product of Nigeria, as provided for in subdivision (v) of U.S. note 2 to this subchapter"
9903.02.49,"Subchapter III – Temporary modifications (232, 301, 122, IEEPA, 201, 338, …)",yes,,The duty provided in the applicable subheading + 15%,"Except for goods loaded onto a vessel at the port of loading and in transit on the final mode of transit before 12:01 a.m. eastern daylight time on August 7, 2025, and entered for consumption or withdrawn from warehouse for consumption before 12:01 a.m. eastern daylight time on October 5, 2025, except for products described in headings 9903.01.30-9903.01.33 and 9903.02.78, and except as provided for in headings 9903.01.34 and 9903.02.01, articles the product of North Macedonia, as provided for in subdivision (v) of U.S. note 2 to this subchapter"
9903.02.50,"Subchapter III – Temporary modifications (232, 301, 122, IEEPA, 201, 338, …)",yes,,The duty provided in the applicable subheading + 15%,"Except for goods loaded onto a vessel at the port of loading and in transit on the final mode of transit before 12:01 a.m. eastern daylight time on August 7, 2025, and entered for consumption or withdrawn from warehouse for consumption before 12:01 a.m. eastern daylight time on October 5, 2025, except for products described in headings 9903.01.30-9903.01.33 and 9903.02.78, and except as provided for in headings 9903.01.34 and 9903.02.01, articles the product of Norway, as provided for in subdivision (v) of U.S. note 2 to this subchapter"
9903.02.51,"Subchapter III – Temporary modifications (232, 301, 122, IEEPA, 201, 338, …)",yes,,The duty provided in the applicable subheading + 19%,"Except for goods loaded onto a vessel at the port of loading and in transit on the final mode of transit before 12:01 a.m. eastern daylight time on August 7, 2025, and entered for consumption or withdrawn from warehouse for consumption before 12:01 a.m. eastern daylight time on October 5, 2025, except for products described in headings 9903.01.30-9903.01.33 and 9903.02.78, and except as provided for in headings 9903.01.34 and 9903.02.01, articles the product of Pakistan, as provided for in subdivision (v) of U.S. note 2 to this subchapter"
9903.02.52,"Subchapter III – Temporary modifications (232, 301, 122, IEEPA, 201, 338, …)",yes,,The duty provided in the applicable subheading + 15%,"Except for goods loaded onto a vessel at the port of loading and in transit on the final mode of transit before 12:01 a.m. eastern daylight time on August 7, 2025, and entered for consumption or withdrawn from warehouse for consumption before 12:01 a.m. eastern daylight time on October 5, 2025, except for products described in headings 9903.01.30-9903.01.33 and 9903.02.78, and except as provided for in headings 9903.01.34 and 9903.02.01, articles the product of Papua New Guinea, as provided for in subdivision (v) of U.S. note 2 to this subchapter"
9903.02.53,"Subchapter III – Temporary modifications (232, 301, 122, IEEPA, 201, 338, …)",yes,,The duty provided in the applicable subheading + 19%,"Except for goods loaded onto a vessel at the port of loading and in transit on the final mode of transit before 12:01 a.m. eastern daylight time on August 7, 2025, and entered for consumption or withdrawn from warehouse for consumption before 12:01 a.m. eastern daylight time on October 5, 2025, except for products described in headings 9903.01.30-9903.01.33 and 9903.02.78, and except as provided for in headings 9903.01.34 and 9903.02.01, articles the product of the Philippines, as provided for in subdivision (v) of U.S. note 2 to this subchapter"
9903.02.54,"Subchapter III – Temporary modifications (232, 301, 122, IEEPA, 201, 338, …)",yes,,The duty provided in the applicable subheading + 35%,"Except for goods loaded onto a vessel at the port of loading and in transit on the final mode of transit before 12:01 a.m. eastern daylight time on August 7, 2025, and entered for consumption or withdrawn from warehouse for consumption before 12:01 a.m. eastern daylight time on October 5, 2025, except for products described in headings 9903.01.30-9903.01.33 and 9903.02.78, and except as provided for in headings 9903.01.34 and 9903.02.01, articles the product of Serbia, as provided for in subdivision (v) of U.S. note 2 to this subchapter"
9903.02.55,"Subchapter III – Temporary modifications (232, 301, 122, IEEPA, 201, 338, …)",yes,,The duty provided in the applicable subheading + 30%,"Except for goods loaded onto a vessel at the port of loading and in transit on the final mode of transit before 12:01 a.m. eastern daylight time on August 7, 2025, and entered for consumption or withdrawn from warehouse for consumption before 12:01 a.m. eastern daylight time on October 5, 2025, except for products described in headings 9903.01.30-9903.01.33 and 9903.02.78, and except as provided for in headings 9903.01.34 and 9903.02.01, articles the product of South Africa, as provided for in subdivision (v) of U.S. note 2 to this subchapter"
9903.02.57,"Subchapter III – Temporary modifications (232, 301, 122, IEEPA, 201, 338, …)",yes,,The duty provided in the applicable subheading + 20%,"Except for goods loaded onto a vessel at the port of loading and in transit on the final mode of transit before 12:01 a.m. eastern daylight time on August 7, 2025, and entered for consumption or withdrawn from warehouse for consumption before 12:01 a.m. eastern daylight time on October 5, 2025, except for products described in headings 9903.01.30-9903.01.33 and 9903.02.78, and except as provided for in headings 9903.01.34 and 9903.02.01, articles the product of Sri Lanka, as provided for in subdivision (v) of U.S. note 2 to this subchapter"
9903.02.59,"Subchapter III – Temporary modifications (232, 301, 122, IEEPA, 201, 338, …)",yes,,The duty provided in the applicable subheading + 41%,"Except for goods loaded onto a vessel at the port of loading and in transit on the final mode of transit before 12:01 a.m. eastern daylight time on August 7, 2025, and entered for consumption or withdrawn from warehouse for consumption before 12:01 a.m. eastern daylight time on October 5, 2025, except for products described in headings 9903.01.30-9903.01.33 and 9903.02.78, and except as provided for in headings 9903.01.34 and 9903.02.01, articles the product of Syria, as provided for in subdivision (v) of U.S. note 2 to this subchapter"
9903.02.60,"Subchapter III – Temporary modifications (232, 301, 122, IEEPA, 201, 338, …)",yes,,The duty provided in the applicable subheading + 20%,"Except for goods loaded onto a vessel at the port of loading and in transit on the final mode of transit before 12:01 a.m. eastern daylight time on August 7, 2025, and entered for consumption or withdrawn from warehouse for consumption before 12:01 a.m. eastern daylight time on October 5, 2025, except for products described in headings 9903.01.30-9903.01.33 and 9903.02.78, and except as provided for in headings 9903.01.34 and 9903.02.01, articles the product of Taiwan, as provided for in subdivision (v) of U.S. note 2 to this subchapter"
9903.02.61,"Subchapter III – Temporary modifications (232, 301, 122, IEEPA, 201, 338, …)",yes,,The duty provided in the applicable subheading + 19%,"Except for goods loaded onto a vessel at the port of loading and in transit on the final mode of transit before 12:01 a.m. eastern daylight time on August 7, 2025, and entered for consumption or withdrawn from warehouse for consumption before 12:01 a.m. eastern daylight time on October 5, 2025, except for products described in headings 9903.01.30-9903.01.33 and 9903.02.78, and except as provided for in headings 9903.01.34 and 9903.02.01, articles the product of Thailand, as provided for in subdivision (v) of U.S. note 2 to this subchapter"
9903.02.62,"Subchapter III – Temporary modifications (232, 301, 122, IEEPA, 201, 338, …)",yes,,The duty provided in the applicable subheading + 15%,"Except for goods loaded onto a vessel at the port of loading and in transit on the final mode of transit before 12:01 a.m. eastern daylight time on August 7, 2025, and entered for consumption or withdrawn from warehouse for consumption before 12:01 a.m. eastern daylight time on October 5, 2025, except for products described in headings 9903.01.30-9903.01.33 and 9903.02.78, and except as provided for in headings 9903.01.34 and 9903.02.01, articles the product of Trinidad and Tobago, as provided for in subdivision (v) of U.S. note 2 to this subchapter"
9903.02.63,"Subchapter III – Temporary modifications (232, 301, 122, IEEPA, 201, 338, …)",yes,,The duty provided in the applicable subheading + 25%,"Except for goods loaded onto a vessel at the port of loading and in transit on the final mode of transit before 12:01 a.m. eastern daylight time on August 7, 2025, and entered for consumption or withdrawn from warehouse for consumption before 12:01 a.m. eastern daylight time on October 5, 2025, except for products described in headings 9903.01.30-9903.01.33 and 9903.02.78, and except as provided for in headings 9903.01.34 and 9903.02.01, articles the product of Tunisia, as provided for in subdivision (v) of U.S. note 2 to this subchapter"
9903.02.64,"Subchapter III – Temporary modifications (232, 301, 122, IEEPA, 201, 338, …)",yes,,The duty provided in the applicable subheading + 15%,"Except for goods loaded onto a vessel at the port of loading and in transit on the final mode of transit before 12:01 a.m. eastern daylight time on August 7, 2025, and entered for consumption or withdrawn from warehouse for consumption before 12:01 a.m. eastern daylight time on October 5, 2025, except for products described in headings 9903.01.30-9903.01.33 and 9903.02.78, and except as provided for in headings 9903.01.34 and 9903.02.01, articles the product of Turkey, as provided for in subdivision (v) of U.S. note 2 to this subchapter"
9903.02.65,"Subchapter III – Temporary modifications (232, 301, 122, IEEPA, 201, 338, …)",yes,,The duty provided in the applicable subheading + 15%,"Except for goods loaded onto a vessel at the port of loading and in transit on the final mode of transit before 12:01 a.m. eastern daylight time on August 7, 2025, and entered for consumption or withdrawn from warehouse for consumption before 12:01 a.m. eastern daylight time on October 5, 2025, except for products described in headings 9903.01.30-9903.01.33 and 9903.02.78, and except as provided for in headings 9903.01.34 and 9903.02.01, articles the product of Uganda, as provided for in subdivision (v) of U.S. note 2 to this subchapter"
9903.02.66,"Subchapter III – Temporary modifications (232, 301, 122, IEEPA, 201, 338, …)",yes,,The duty provided in the applicable subheading + 10%,"Except for goods loaded onto a vessel at the port of loading and in transit on the final mode of transit before 12:01 a.m. eastern daylight time on August 7, 2025, and entered for consumption or withdrawn from warehouse for consumption before 12:01 a.m. eastern daylight time on October 5, 2025, except for products described in headings 9903.01.30-9903.01.33 and 9903.02.78, and except as provided for in headings 9903.01.34, 9903.02.01, and 9903.96.01, articles the product of the United Kingdom, as provided for in subdivision (v) of U.S. note 2 to this subchapter"
9903.02.67,"Subchapter III – Temporary modifications (232, 301, 122, IEEPA, 201, 338, …)",yes,,The duty provided in the applicable subheading + 15%,"Except for goods loaded onto a vessel at the port of loading and in transit on the final mode of transit before 12:01 a.m. eastern daylight time on August 7, 2025, and entered for consumption or withdrawn from warehouse for consumption before 12:01 a.m. eastern daylight time on October 5, 2025, except for products described in headings 9903.01.30-9903.01.33 and 9903.02.78, and except as provided for in headings 9903.01.34 and 9903.02.01, articles the product of Vanuatu, as provided for in subdivision (v) of U.S. note 2 to this subchapter"
9903.02.68,"Subchapter III – Temporary modifications (232, 301, 122, IEEPA, 201, 338, …)",yes,,The duty provided in the applicable subheading + 15%,"Except for goods loaded onto a vessel at the port of loading and in transit on the final mode of transit before 12:01 a.m. eastern daylight time on August 7, 2025, and entered for consumption or withdrawn from warehouse for consumption before 12:01 a.m. eastern daylight time on October 5, 2025, except for products described in headings 9903.01.30-9903.01.33 and 9903.02.78, and except as provided for in headings 9903.01.34 and 9903.02.01, articles the product of Venezuela, as provided for in subdivision (v) of U.S. note 2 to this subchapter"
9903.02.69,"Subchapter III – Temporary modifications (232, 301, 122, IEEPA, 201, 338, …)",yes,,The duty provided in the applicable subheading + 20%,"Except for goods loaded onto a vessel at the port of loading and in transit on the final mode of transit before 12:01 a.m. eastern daylight time on August 7, 2025, and entered for consumption or withdrawn from warehouse for consumption before 12:01 a.m. eastern daylight time on October 5, 2025, except for products described in headings 9903.01.30-9903.01.33 and 9903.02.78, and except as provided for in headings 9903.01.34 and 9903.02.01, articles the product of Vietnam, as provided for in subdivision (v) of U.S. note 2 to this subchapter"
9903.02.70,"Subchapter III – Temporary modifications (232, 301, 122, IEEPA, 201, 338, …)",yes,,The duty provided in the applicable subheading + 15%,"Except for goods loaded onto a vessel at the port of loading and in transit on the final mode of transit before 12:01 a.m. eastern daylight time on August 7, 2025, and entered for consumption or withdrawn from warehouse for consumption before 12:01 a.m. eastern daylight time on October 5, 2025, except for products described in headings 9903.01.30-9903.01.33 and 9903.02.78, and except as provided for in headings 9903.01.34 and 9903.02.01, articles the product of Zambia, as provided for in subdivision (v) of U.S. note 2 to this subchapter"
9903.02.71,"Subchapter III – Temporary modifications (232, 301, 122, IEEPA, 201, 338, …)",yes,,The duty provided in the applicable subheading + 15%,"Except for goods loaded onto a vessel at the port of loading and in transit on the final mode of transit before 12:01 a.m. eastern daylight time on August 7, 2025, and entered for consumption or withdrawn from warehouse for consumption before 12:01 a.m. eastern daylight time on October 5, 2025, except for products described in headings 9903.01.30-9903.01.33 and 9903.02.78, and except as provided for in headings 9903.01.34 and 9903.02.01, articles the product of Zimbabwe, as provided for in subdivision (v) of U.S. note 2 to this subchapter"
9903.02.82,"Subchapter III – Temporary modifications (232, 301, 122, IEEPA, 201, 338, …)",no,,The duty provided in the applicable subheading,"Except for products described in headings 9903.01.30–9903.01.33, 9903.02.78, and 9903.02.84–9903.02.86, and except as provided for in headings 9903.01.34 and 9903.02.01, articles the product of Switzerland, with an ad valorem (or ad valorem equivalent) rate of duty under column 1-General equal to or greater than 15 percent, as provided for in subdivision (v) of U.S. note 2 to this subchapter"
9903.02.83,"Subchapter III – Temporary modifications (232, 301, 122, IEEPA, 201, 338, …)",no,,15%,"Except for products described in headings 9903.01.30–9903.01.33, 9903.02.78, and 9903.02.84–9903.02.86, and except as provided for inheadings 9903.01.34 and 9903.02.01, articles the product of Switzerland, with an ad valorem (or ad valorem equivalent) rate of duty under column 1-General less than 15 percent, as provided for in subdivision (v) of U.S. note 2 to this subchapter"
9903.02.84,"Subchapter III – Temporary modifications (232, 301, 122, IEEPA, 201, 338, …)",no,,The duty provided in the applicable subheading,"Articles the product of Switzerland, as provided for in subdivision (v)(xxv)(b) of U.S. note 2 to this subchapter"
9903.02.85,"Subchapter III – Temporary modifications (232, 301, 122, IEEPA, 201, 338, …)",no,,The duty provided in the applicable subheading,"Articles of civil aircraft (all aircraft other than military aircraft); their engines, parts, and components; their other parts, components, and subassemblies; and ground flight simulators and their parts and components of Switzerland, excluding unmanned aircraft, provided for in subdivision (v)(xxv)(c) of U.S. note 2 to this subchapter"
9903.02.86,"Subchapter III – Temporary modifications (232, 301, 122, IEEPA, 201, 338, …)",no,,The duty provided in the applicable subheading,"Articles the product of Switzerland that are non-patented articles for use in pharmaceutical applications, provided for in subdivision (v)(xxv)(d) of U.S. note 2 to this subchapter"
9903.02.87,"Subchapter III – Temporary modifications (232, 301, 122, IEEPA, 201, 338, …)",no,,The duty provided in the applicable subheading,"Except for products described in headings 9903.01.30–9903.01.33, 9903.02.78, and 9903.02.89–9903.02.91, and except as provided for in headings 9903.01.34 and 9903.02.01, articles the product of Liechtenstein, with an ad valorem (or ad valorem equivalent) rate of duty under column 1-General equal to or greater than 15 percent, as provided for in subdivision (v) of U.S. note 2 to this subchapter"
9903.02.88,"Subchapter III – Temporary modifications (232, 301, 122, IEEPA, 201, 338, …)",no,,15%,"Except for products described in headings 9903.01.30–9903.01.33, 9903.02.78, and 9903.02.89–9903.02.91, and except as provided for in headings 9903.01.34 and 9903.02.01, articles the product of Liechtenstein, with an ad valorem (or ad valorem equivalent) rate of duty under column 1-General less than 15 percent, as provided for in subdivision (v) of U.S. note 2 to this subchapter"
9903.02.89,"Subchapter III – Temporary modifications (232, 301, 122, IEEPA, 201, 338, …)",no,,The duty provided in the applicable subheading,"Articles the product of Liechtenstein, as provided for in subdivision (v)(xxv)(b) of U.S. note 2 to this subchapter"
9903.02.90,"Subchapter III – Temporary modifications (232, 301, 122, IEEPA, 201, 338, …)",no,,The duty provided in the applicable subheading,"Articles of civil aircraft (all aircraft other than military aircraft); their engines, parts, and components; their other parts, components, and subassemblies; and ground flight simulators and their parts and components of Liechtenstein, excluding unmanned aircraft, provided for in subdivision (v)(xxv)(c) of U.S. note 2 to this subchapter"
9903.02.91,"Subchapter III – Temporary modifications (232, 301, 122, IEEPA, 201, 338, …)",no,,The duty provided in the applicable subheading,"Articles the product of Liechtenstein that are non-patented articles for use in pharmaceutical applications, provided for in subdivision (v)(xxv)(d) of U.S. note 2 to this subchapter"
9903.17.01,"Subchapter III – Temporary modifications (232, 301, 122, IEEPA, 201, 338, …)",no,,,Eligible to be imported under the first quota period specified in a notice issued by the United States Trade Representative in any 12 month period commencing on October 1 in any year
9903.17.02,"Subchapter III – Temporary modifications (232, 301, 122, IEEPA, 201, 338, …)",no,,,Eligible to be imported under the second quota period specified in a notice issued by the United States Trade Representative in any 12 month period commencing on October 1 in any year
9903.17.03,"Subchapter III – Temporary modifications (232, 301, 122, IEEPA, 201, 338, …)",no,,,Eligible to be imported under the third quota period specified in a notice issued by the United States Trade Representative in any 12 month period commencing on October 1 in any year
9903.17.04,"Subchapter III – Temporary modifications (232, 301, 122, IEEPA, 201, 338, …)",no,,,Eligible to be imported under the fourth quota period specified in a notice issued by the United States Trade Representative in any 12 month period commencing on October 1 in any year
9903.17.05,"Subchapter III – Temporary modifications (232, 301, 122, IEEPA, 201, 338, …)",no,,,Eligible to be imported under the fifth quota period specified in a notice issued by the United States Trade Representative in any 12 month period commencing on October 1 in any year
9903.17.06,"Subchapter III – Temporary modifications (232, 301, 122, IEEPA, 201, 338, …)",no,,,Eligible to be imported under the sixth quota period specified in a notice issued by the United States Trade Representative in any 12 month period commencing on October 1 in any year
9903.17.07,"Subchapter III – Temporary modifications (232, 301, 122, IEEPA, 201, 338, …)",no,,,Eligible to be imported under the seven quota period specified in a notice issued by the United States Trade Representative in any 12 month period commencing on October 1 in any year
9903.17.08,"Subchapter III – Temporary modifications (232, 301, 122, IEEPA, 201, 338, …)",no,,,Eligible to be imported under the eighth quota period specified in a notice issued by the United States Trade Representative in any 12 month period commencing on October 1 in any year
9903.17.09,"Subchapter III – Temporary modifications (232, 301, 122, IEEPA, 201, 338, …)",no,,,Eligible to be imported under the ninth quota period specified in a notice issued by the United States Trade Representative in any 12 month period commencing on October 1 in any year
9903.17.10,"Subchapter III – Temporary modifications (232, 301, 122, IEEPA, 201, 338, …)",no,,,Eligible to be imported under the tenth quota period specified in a notice issued by the United States Trade Representative in any 12 month period commencing on October 1 in any year
9903.17.21,"Subchapter III – Temporary modifications (232, 301, 122, IEEPA, 201, 338, …)",no,,,Eligible to be imported under the first quota period specified in a notice issued by the United States Trade Representative in any 12 month period commencing on October 1 in any year
9903.17.22,"Subchapter III – Temporary modifications (232, 301, 122, IEEPA, 201, 338, …)",no,,,Eligible to be imported under the second quota period specified in a notice issued by the United States Trade Representative in any 12 month period commencing on October 1 in any year
9903.17.23,"Subchapter III – Temporary modifications (232, 301, 122, IEEPA, 201, 338, …)",no,,,Eligible to be imported under the third quota period specified in a notice issued by the United States Trade Representative in any 12 month period commencing on October 1 in any year
9903.17.24,"Subchapter III – Temporary modifications (232, 301, 122, IEEPA, 201, 338, …)",no,,,Eligible to be imported under the fourth quota period specified in a notice issued by the United States Trade Representative in any 12 month period commencing on October 1 in any year
9903.17.25,"Subchapter III – Temporary modifications (232, 301, 122, IEEPA, 201, 338, …)",no,,,Eligible to be imported under the fifth quota period specified in a notice issued by the United States Trade Representative in any 12 month period commencing on October 1 in any year
9903.17.26,"Subchapter III – Temporary modifications (232, 301, 122, IEEPA, 201, 338, …)",no,,,Eligible to be imported under the sixth quota period specified in a notice issued by the United States Trade Representative in any 12 month period commencing on October 1 in any year
9903.17.27,"Subchapter III – Temporary modifications (232, 301, 122, IEEPA, 201, 338, …)",no,,,Eligible to be imported under the seventh quota period specified in a notice issued by the United States Trade Representative in any 12 month period commencing on October 1 in any year
9903.17.28,"Subchapter III – Temporary modifications (232, 301, 122, IEEPA, 201, 338, …)",no,,,Eligible to be imported under the eighth quota period specified in a notice issued by the United States Trade Representative in any 12 month period commencing on October 1 in any year
9903.17.29,"Subchapter III – Temporary modifications (232, 301, 122, IEEPA, 201, 338, …)",no,,,Eligible to be imported under the ninth quota period specified in a notice issued by the United States Trade Representative in any 12 month period commencing on October 1 in any year
9903.17.30,"Subchapter III – Temporary modifications (232, 301, 122, IEEPA, 201, 338, …)",no,,,Eligible to be imported under the tenth quota period specified in a notice issued by the United States Trade Representative in any 12 month period commencing on October 1 in any year
9903.17.31,"Subchapter III – Temporary modifications (232, 301, 122, IEEPA, 201, 338, …)",no,,,Eligible to be imported under the eleventh quota period specified in a notice issued by the United States Trade Representative in any 12 month period commencing on October 1 in any year
9903.17.32,"Subchapter III – Temporary modifications (232, 301, 122, IEEPA, 201, 338, …)",no,,,Eligible to be imported under the twelfth quota period specified in a notice issued by the United States Trade Representative in any 12 month period commencing on October 1 in any year
9903.17.33,"Subchapter III – Temporary modifications (232, 301, 122, IEEPA, 201, 338, …)",no,,,Eligible to be imported under the thirteenth quota period specified in a notice issued by the United States Trade Representative in any 12 month period commencing on October 1 in any year
9903.18.01,"Subchapter III – Temporary modifications (232, 301, 122, IEEPA, 201, 338, …)",no,,,Eligible to be imported under the first quota period specified in a notice issued by the United States Trade Representative in any 12 month period commencing on October 1 in any year
9903.18.02,"Subchapter III – Temporary modifications (232, 301, 122, IEEPA, 201, 338, …)",no,,,Eligible to be imported under the second quota period specified in a notice issued by the United States Trade Representative in any 12 month period commencing on October 1 in any year
9903.18.03,"Subchapter III – Temporary modifications (232, 301, 122, IEEPA, 201, 338, …)",no,,,Eligible to be imported under the third quota period specified in a notice issued by the United States Trade Representative in any 12 month period commencing on October 1 in any year
9903.18.04,"Subchapter III – Temporary modifications (232, 301, 122, IEEPA, 201, 338, …)",no,,,Eligible to be imported under the fourth quota period specified in a notice issued by the United States Trade Representative in any 12 month period commencing on October 1 in any year
9903.18.05,"Subchapter III – Temporary modifications (232, 301, 122, IEEPA, 201, 338, …)",no,,,Eligible to be imported under the fifth quota period specified in a notice issued by the United States Trade Representative in any 12 month period commencing on October 1 in any year
9903.18.06,"Subchapter III – Temporary modifications (232, 301, 122, IEEPA, 201, 338, …)",no,,,Eligible to be imported under the sixth quota period specified in a notice issued by the United States Trade Representative in any 12 month period commencing on October 1 in any year
9903.18.07,"Subchapter III – Temporary modifications (232, 301, 122, IEEPA, 201, 338, …)",no,,,Eligible to be imported under the seventh quota period specified in a notice issued by the United States Trade Representative in any 12 month period commencing on October 1 in any year
9903.18.08,"Subchapter III – Temporary modifications (232, 301, 122, IEEPA, 201, 338, …)",no,,,Eligible to be imported under the eighth quota period specified in a notice issued by the United States Trade Representative in any 12 month period commencing on October 1 in any year
9903.18.09,"Subchapter III – Temporary modifications (232, 301, 122, IEEPA, 201, 338, …)",no,,,Eligible to be imported under the ninth quota period specified in a notice issued by the United States Trade Representative in any 12 month period commencing on October 1 in any year
9903.18.10,"Subchapter III – Temporary modifications (232, 301, 122, IEEPA, 201, 338, …)",no,,,Eligible to be imported under the tenth quota period specified in a notice issued by the United States Trade Representative in any 12 month period commencing on October 1 in any year
9903.41.05,"Subchapter III – Temporary modifications (232, 301, 122, IEEPA, 201, 338, …)",no,,40%,"Bovine (including buffalo) and equine leather (provided for in heading 4104 or 4107); goat, kid, sheep and lamb leather, the foregoing dyed, colored, stamped or embossed (provided for in heading 4105, 4106, 4112 or 4113)"
9903.41.10,"Subchapter III – Temporary modifications (232, 301, 122, IEEPA, 201, 338, …)",no,,40%,"Footwear with outer soles of leather and uppers wholly or in part of leather, and footwear with outer soles of rubber or plastics and uppers having an exterior surface area predominantly of leather, the foregoing provided for in chapter 64, except (a) slip-on footwear of a type not suitable for outdoor use, without backs or backstraps, having outer soles with a thickness of less than 5 mm and with less than 20 mm difference between the thickness of the bottom at the ball of the foot and at the heel, and (b) footwear which is designed for a sporting activity and has, or has provision for, attached spikes, sprigs, stops, clips, bars or the like, and skating boots, ski-boots and cross-country ski footwear, wrestling boots, boxing boots and cycling shoes"
9903.52.00,"Subchapter III – Temporary modifications (232, 301, 122, IEEPA, 201, 338, …)",no,,,Purchased and entered pursuant to the Secretary of Agriculture's Special Limited Global Import Quota Announcement
9903.52.01,"Subchapter III – Temporary modifications (232, 301, 122, IEEPA, 201, 338, …)",no,,,Purchased and entered pursuant to the Secretary of Agriculture's Special Cotton Import Quota Announcement Number 1
9903.52.02,"Subchapter III – Temporary modifications (232, 301, 122, IEEPA, 201, 338, …)",no,,,Purchased and entered pursuant to the Secretary of Agriculture's Special Cotton Import Quota Announcement Number 2
9903.52.03,"Subchapter III – Temporary modifications (232, 301, 122, IEEPA, 201, 338, …)",no,,,Purchased and entered pursuant to the Secretary of Agriculture's Special Cotton Import Quota Announcement Number 3
9903.52.04,"Subchapter III – Temporary modifications (232, 301, 122, IEEPA, 201, 338, …)",no,,,Purchased and entered pursuant to the Secretary of Agriculture's Special Cotton Import Quota Announcement Number 4
9903.52.05,"Subchapter III – Temporary modifications (232, 301, 122, IEEPA, 201, 338, …)",no,,,Purchased and entered pursuant to the Secretary of Agriculture's Special Cotton Import Quota Announcement Number 5
9903.52.06,"Subchapter III – Temporary modifications (232, 301, 122, IEEPA, 201, 338, …)",no,,,Purchased and entered pursuant to the Secretary of Agriculture's Special Cotton Import Quota Announcement Number 6
9903.52.07,"Subchapter III – Temporary modifications (232, 301, 122, IEEPA, 201, 338, …)",no,,,Purchased and entered pursuant to the Secretary of Agriculture's Special Cotton Import Quota Announcement Number 7
9903.52.08,"Subchapter III – Temporary modifications (232, 301, 122, IEEPA, 201, 338, …)",no,,,Purchased and entered pursuant to the Secretary of Agriculture's Special Cotton Import Quota Announcement Number 8
9903.52.09,"Subchapter III – Temporary modifications (232, 301, 122, IEEPA, 201, 338, …)",no,,,Purchased and entered pursuant to the Secretary of Agriculture's Special Cotton Import Quota Announcement Number 9
9903.52.10,"Subchapter III – Temporary modifications (232, 301, 122, IEEPA, 201, 338, …)",no,,,Purchased and entered pursuant to the Secretary of Agriculture's Special Cotton Import Quota Announcement Number 10
9903.52.11,"Subchapter III – Temporary modifications (232, 301, 122, IEEPA, 201, 338, …)",no,,,Purchased and entered pursuant to the Secretary of Agriculture's Special Cotton Import Quota Announcement Number 11
9903.52.12,"Subchapter III – Temporary modifications (232, 301, 122, IEEPA, 201, 338, …)",no,,,Purchased and entered pursuant to the Secretary of Agriculture's Special Cotton Import Quota Announcement Number 12
9903.52.13,"Subchapter III – Temporary modifications (232, 301, 122, IEEPA, 201, 338, …)",no,,,Purchased and entered pursuant to the Secretary of Agriculture's Special Cotton Import Quota Announcement Number 13
9903.52.14,"Subchapter III – Temporary modifications (232, 301, 122, IEEPA, 201, 338, …)",no,,,Purchased and entered pursuant to the Secretary of Agriculture's Special Cotton Import Quota Announcement Number 14
9903.52.15,"Subchapter III – Temporary modifications (232, 301, 122, IEEPA, 201, 338, …)",no,,,Purchased and entered pursuant to the Secretary of Agriculture's Special Cotton Import Quota Announcement Number 15
9903.52.16,"Subchapter III – Temporary modifications (232, 301, 122, IEEPA, 201, 338, …)",no,,,Purchased and entered pursuant to the Secretary of Agriculture's Special Cotton Import Quota Announcement Number 16
9903.52.17,"Subchapter III – Temporary modifications (232, 301, 122, IEEPA, 201, 338, …)",no,,,Purchased and entered pursuant to the Secretary of Agriculture's Special Cotton Import Quota Announcement Number 17
9903.52.18,"Subchapter III – Temporary modifications (232, 301, 122, IEEPA, 201, 338, …)",no,,,Purchased and entered pursuant to the Secretary of Agriculture's Special Cotton Import Quota Announcement Number 18
9903.52.19,"Subchapter III – Temporary modifications (232, 301, 122, IEEPA, 201, 338, …)",no,,,Purchased and entered pursuant to the Secretary of Agriculture's Special Cotton Import Quota Announcement Number 19
9903.52.20,"Subchapter III – Temporary modifications (232, 301, 122, IEEPA, 201, 338, …)",no,,,Purchased and entered pursuant to the Secretary of Agriculture's Special Cotton Import Quota Announcement Number 20
9903.52.21,"Subchapter III – Temporary modifications (232, 301, 122, IEEPA, 201, 338, …)",no,,,Purchased and entered pursuant to the Secretary of Agriculture's Special Cotton Import Quota Announcement Number 21
9903.52.22,"Subchapter III – Temporary modifications (232, 301, 122, IEEPA, 201, 338, …)",no,,,Purchased and entered pursuant to the Secretary of Agriculture's Special Cotton Import Quota Announcement Number 22
9903.52.23,"Subchapter III – Temporary modifications (232, 301, 122, IEEPA, 201, 338, …)",no,,,Purchased and entered pursuant to the Secretary of Agriculture's Special Cotton Import Quota Announcement Number 23
9903.52.24,"Subchapter III – Temporary modifications (232, 301, 122, IEEPA, 201, 338, …)",no,,,Purchased and entered pursuant to the Secretary of Agriculture's Special Cotton Import Quota Announcement Number 24
9903.52.25,"Subchapter III – Temporary modifications (232, 301, 122, IEEPA, 201, 338, …)",no,,,Purchased and entered pursuant to the Secretary of Agriculture's Special Cotton Import Quota Announcement Number 25
9903.52.26,"Subchapter III – Temporary modifications (232, 301, 122, IEEPA, 201, 338, …)",no,,,Purchased and entered pursuant to the Secretary of Agriculture's Special Cotton Import Quota Announcement Number 26
9903.54.01,"Subchapter III – Temporary modifications (232, 301, 122, IEEPA, 201, 338, …)",no,,No change,"In addition to the aggregate quantity of beef of Argentina specified in Additional U.S. Note 3(a) to chapter 2 of the tariff schedule for any calendar year, an additional 80,000 metric tons of lean beef trimmings of Argentina may be entered for consumption, or withdrawn from warehouse for consumption, between 12:01 a.m. local port time on February 13, 2026, and 11:59 p.m. eastern time on December 31, 2026, under statistical reporting numbers 0201.30.5091, 0201.30.5097, 0202.30.5091, and 0202.30.5097, as provided in U.S. note 7 to this subchapter."
9903.55.01,"Subchapter III – Temporary modifications (232, 301, 122, IEEPA, 201, 338, …)",no,,Free,"Entered under temporary importation bond in aggregate quantities not exceeding the amount specified in U.S. note 32(a) to this subchapter for any period specified in such note, when the product of any country not exempt under U.S. note 32(b) to this subchapter"
9903.79.02,"Subchapter III – Temporary modifications (232, 301, 122, IEEPA, 201, 338, …)",no,,The duty provided in the applicable subheading,Articles as provided for in subdivision (c) of U.S. note 39 to this subchapter
9903.79.03,"Subchapter III – Temporary modifications (232, 301, 122, IEEPA, 201, 338, …)",no,,The duty provided in the applicable subheading,"Semiconductor articles, as defined in subdivision (b) of U.S. note 39 to this subchapter, that are for use in U.S. data centers, as defined in subdivision (d) of U.S. note 39 to this subchapter"
9903.79.04,"Subchapter III – Temporary modifications (232, 301, 122, IEEPA, 201, 338, …)",no,,The duty provided in the applicable subheading,"Semiconductor articles, as defined in subdivision (b) of U.S. note 39 to this subchapter, that are for repairs or replacement in the United States"
9903.79.05,"Subchapter III – Temporary modifications (232, 301, 122, IEEPA, 201, 338, …)",no,,The duty provided in the applicable subheading,"Semiconductor articles, as defined in subdivision (b) of U.S. note 39 to this subchapter, that are for research and development in the United States, as defined in subdivision (d) of U.S. note 39 to this subchapter"
9903.79.06,"Subchapter III – Temporary modifications (232, 301, 122, IEEPA, 201, 338, …)",no,,The duty provided in the applicable subheading,"Semiconductor articles, as defined in subdivision (b) of U.S. note 39 to this subchapter, that are for use by startups in the United States, as defined in subdivision (d) of U.S. note 39 to this subchapter"
9903.79.07,"Subchapter III – Temporary modifications (232, 301, 122, IEEPA, 201, 338, …)",no,,The duty provided in the applicable subheading,"Semiconductor articles, as defined in subdivision (b) of U.S. note 39 to this subchapter, that are for use in non-data center consumer electronics applications in the United States"
9903.79.08,"Subchapter III – Temporary modifications (232, 301, 122, IEEPA, 201, 338, …)",no,,The duty provided in the applicable subheading,"Semiconductor articles, as defined in subdivision (b) of U.S. note 39 to this subchapter, that are for use in non-data center civil industrial applications in the United States"
9903.79.09,"Subchapter III – Temporary modifications (232, 301, 122, IEEPA, 201, 338, …)",no,,The duty provided in the applicable subheading,"Semiconductor articles, as defined in subdivision (b) of U.S. note 39 to this subchapter, that are for use in United States public sector applications"
9903.88.16,"Subchapter III – Temporary modifications (232, 301, 122, IEEPA, 201, 338, …)",no,,The duty provided in the applicable subheading + 15%,"Articles the product of China, as provided for in U.S. note 20(t) to this subchapter and as provided for in the subheadings enumerated in U.S. note 20(u) [Compiler's note: provision suspended.]"
9903.88.21,"Subchapter III – Temporary modifications (232, 301, 122, IEEPA, 201, 338, …)",no,,The duty provided in the applicable subheading,"Articles the product of China, as provided for in U.S. note 20(z) to this subchapter"
9903.88.22,"Subchapter III – Temporary modifications (232, 301, 122, IEEPA, 201, 338, …)",no,,The duty provided in the applicable subheading,"Articles the product of China, as provided for in U.S. note 20(aa) to this subchapter"
9903.88.23,"Subchapter III – Temporary modifications (232, 301, 122, IEEPA, 201, 338, …)",no,,The duty provided in the applicable subheading,"Articles the product of China, as provided for in U.S. note 20(bb) to this subchapter"
9903.88.24,"Subchapter III – Temporary modifications (232, 301, 122, IEEPA, 201, 338, …)",no,,The duty provided in the applicable subheading,"Articles the product of China, as provided for in U.S. note 20(cc) to this subchapter"
9903.88.25,"Subchapter III – Temporary modifications (232, 301, 122, IEEPA, 201, 338, …)",no,,The duty provided in the applicable subheading,"Articles the product of China, as provided for in U.S. note 20(dd) to this subchapter"
9903.88.26,"Subchapter III – Temporary modifications (232, 301, 122, IEEPA, 201, 338, …)",no,,The duty provided in the applicable subheading,"Articles the product of China, as provided for in U.S. note 20(ee) to this subchapter"
9903.88.27,"Subchapter III – Temporary modifications (232, 301, 122, IEEPA, 201, 338, …)",no,,The duty provided in the applicable subheading,"Articles the product of China, as provided for in U.S. note 20(ff) to this subchapter"
9903.88.28,"Subchapter III – Temporary modifications (232, 301, 122, IEEPA, 201, 338, …)",no,,The duty provided in the applicable subheading,"Articles the product of China, as provided for in U.S. note 20(gg) to this subchapter"
9903.89.01,"Subchapter III – Temporary modifications (232, 301, 122, IEEPA, 201, 338, …)",no,,The duty provided in the applicable subheading + 0%,"Articles the product of Nicaragua, as provided for in U.S. note 29 to this subchapter"
9903.89.07,"Subchapter III – Temporary modifications (232, 301, 122, IEEPA, 201, 338, …)",no,,The duty provided in the applicable subheading,"Airplanes and other aircraft, of an unladen weight exceeding 15,000 kg (provided for in subheading 8802.40.00), the foregoing not described in subheading 9903.89.05"
9903.89.50,"Subchapter III – Temporary modifications (232, 301, 122, IEEPA, 201, 338, …)",no,,The duty provided in the applicable subheading,"Irish and Scotch Whiskies (provided for in subheading 2208.30.30), the foregoing not described in subheading 9903.89.49"
9903.89.59,"Subchapter III – Temporary modifications (232, 301, 122, IEEPA, 201, 338, …)",no,,The duty provided in the applicable subheading,"Spirits obtained by distilling grape wine or grape marc (grape brandy), other than Pisco and Singani, in containers each holding not over 4 liters, valued over $3.43/liter (provided for in subheading 2208.20.40), the foregoing not described in subheading 9903.89.57"
9903.89.63,"Subchapter III – Temporary modifications (232, 301, 122, IEEPA, 201, 338, …)",no,,The duty provided in the applicable subheading,"Other parts of airplanes or helicopters (provided for [described]in statistical reporting number 8803.30.0030), the foregoing not described [provided for]in subheading 9903.89.61"
9903.90.08,"Subchapter III – Temporary modifications (232, 301, 122, IEEPA, 201, 338, …)",no,,,"Articles the product of the Russian Federation, as provided for in U.S. note 30(a) to this subchapter and as provided for in the subheadings enumerated in U.S. note 30(b) to this subchapter"
9903.90.09,"Subchapter III – Temporary modifications (232, 301, 122, IEEPA, 201, 338, …)",no,,,"Articles the product of the Russian Federation, as provided for in U.S. note 30(c) to this subchapter and as provided for in the subheadings enumerated in U.S. note 30(d) to this subchapter"
9903.91.09,"Subchapter III – Temporary modifications (232, 301, 122, IEEPA, 201, 338, …)",yes,,The duty provided in the applicable subheading,"Notwithstanding subheading 9903.92.10, effective with respect to entries, on or after September 27, 2024, of ship-to-shore gantry cranes, configured as a high- or low-profile steel superstructure and designed to unload intermodal containers from vessels with coupling devices for containers, including spreaders or twist-locks, articles the product of China (provided for in subheading 8426.19.00), that are fulfilling in whole or in part an executed contract for sale dated prior to May 14, 2024 for goods that are entered for consumption, or withdrawn from warehouse for consumption, in the United States prior to May 14, 2026"
9903.91.10,"Subchapter III – Temporary modifications (232, 301, 122, IEEPA, 201, 338, …)",yes,,The duty provided in the applicable subheading,"Notwithstanding heading 9903.91.03, effective with respect to entries of enteral syringes, of China, on or after September 27, 2024, and before January 1, 2026 (described in statistical reporting number 9018.31.0080)"
9903.91.12,"Subchapter III – Temporary modifications (232, 301, 122, IEEPA, 201, 338, …)",no,,"The duty provided in subheadings 8716.39.00, 8716.90.30 or 8716.90.50 + 100%","Effective with respect to entries, on or after November 10, 2026, of intermodal chassis, subassemblies thereof, and parts thereof (provided for in statistical reporting number 8716.39.0090, or in subheadings 8716.90.30 or 8716.90.50), articles the product of China, as provided for in subdivision (k)(i) of U.S. note 31 to this subchapter, except as provided in heading 9903.91.13."
9903.91.13,"Subchapter III – Temporary modifications (232, 301, 122, IEEPA, 201, 338, …)",no,,The duty provided in the applicable subheading,"Effective with respect to entries, on or after November 10, 2026, of articles the product of China, as provided for in subdivision (k)(ii) of U.S. note 31 to this subchapter (provided for in statistical reporting number 8716.39.0090, or subheadings 8716.90.30 or 8716.90.50), except as provided in heading 9903.91.12."
9903.91.14,"Subchapter III – Temporary modifications (232, 301, 122, IEEPA, 201, 338, …)",no,,The duty provided in the applicable subheading + 100%,"Effective with respect to entries, on or after November 10, 2026, of ship-to-shore gantry cranes, configured as a high- or low-profile steel superstructure and designed to unload intermodal containers from vessels with coupling devices for containers, including spreaders or twist-locks (provided for in subheading 8426.19.00), as provided for in subdivision (l) of U.S. note 31 to this subchapter, except as provided in headings 9903.91.09, 9903.91.15 or 9903.91.16."
9903.91.15,"Subchapter III – Temporary modifications (232, 301, 122, IEEPA, 201, 338, …)",no,,The duty provided in the applicable subheading,"Notwithstanding heading 9903.91.14, effective with respect to entries, on or after November 10, 2026, of ship-to-shore gantry cranes, configured as a high- or low-profile steel superstructure and designed to unload intermodal containers from vessels with coupling devices for containers, including spreaders or twist-locks (provided for in subheading 8426.19.00), attested by the importer that the ship-to-shore gantry cranes: (1) are not products of China; (2) are not manufactured, assembled, or made using components, assemblies or subassemblies that are products of China, as specified in subdivision (l)(ii) of note 31 to this subchapter; and (3) are not manufactured by a company or other entity that is owned or controlled by a Chinese person or legal entity, as specified by subdivision (l)(v) of note 31 to this subchapter."
9903.91.16,"Subchapter III – Temporary modifications (232, 301, 122, IEEPA, 201, 338, …)",no,,The duty provided in the applicable subheading,"Notwithstanding heading 9903.91.14, effective with respect to entries, on or after November 10, 2026, of ship-to-shore gantry cranes, configured as a high- or low-profile steel superstructure and designed to unload intermodal containers from vessels with coupling devices for containers, including spreaders or twist-locks (provided for in subheading 8426.19.00), that: (1) are products of China; (2) that are manufactured, assembled or made using components, assemblies or subassemblies that are products of China; or (3) that are manufactured by a company or other entity that is owned or controlled by a Chinese person or legal entity, as specified by subdivision (l) of U.S. note 31 to this subchapter, that are attested by the importer as fulfilling in whole or in part an executed contract for sale dated prior to April 17, 2025 for goods that are entered for consumption, or withdrawn from warehouse for consumption, in the United States prior to April 18, 2027."
9903.92.80,"Subchapter III – Temporary modifications (232, 301, 122, IEEPA, 201, 338, …)",no,,The duty provided in the applicable subheading,Other (provided for in subheading 8426.19.00)
9904.02.01,Subchapter IV – Section 22 quantitative limitations,no,,,Valued less than 25¢/kg
9904.02.02,Subchapter IV – Section 22 quantitative limitations,no,,,Valued 25¢/kg or more but less than 45¢/kg
9904.02.03,Subchapter IV – Section 22 quantitative limitations,no,,,Valued 45¢/kg or more but less than 65¢/kg
9904.02.04,Subchapter IV – Section 22 quantitative limitations,no,,,Valued 65¢/kg or more but less than 85¢/kg
9904.02.05,Subchapter IV – Section 22 quantitative limitations,no,,,Valued 85¢/kg or more but less than $1.05/kg
9904.02.06,Subchapter IV – Section 22 quantitative limitations,no,,,Valued $1.05/kg or more but less than $1.25/kg
9904.02.07,Subchapter IV – Section 22 quantitative limitations,no,,,Valued $1.25/kg or more but less than $1.45/kg
9904.02.08,Subchapter IV – Section 22 quantitative limitations,no,,,Valued $1.45/kg or more
9904.02.09,Subchapter IV – Section 22 quantitative limitations,no,,,Valued less than 15¢/kg
9904.02.10,Subchapter IV – Section 22 quantitative limitations,no,,,Valued 15¢/kg or more but less than 35¢/kg
9904.02.11,Subchapter IV – Section 22 quantitative limitations,no,,,Valued 35¢/kg or more but less than 55¢/kg
9904.02.12,Subchapter IV – Section 22 quantitative limitations,no,,,Valued 55¢/kg or more but less than 75¢/kg
9904.02.13,Subchapter IV – Section 22 quantitative limitations,no,,,Valued 75¢/kg or more but less than 95¢/kg
9904.02.14,Subchapter IV – Section 22 quantitative limitations,no,,,Valued 95¢/kg or more but less than $1.15/kg
9904.02.15,Subchapter IV – Section 22 quantitative limitations,no,,,Valued $1.15/kg or more but less than $1.35/kg
9904.02.16,Subchapter IV – Section 22 quantitative limitations,no,,,Valued $1.35/kg or more but less than $1.55/kg
9904.02.17,Subchapter IV – Section 22 quantitative limitations,no,,,Valued $1.55/kg or more
9904.02.27,Subchapter IV – Section 22 quantitative limitations,no,,,Valued less than 30¢/kg
9904.02.28,Subchapter IV – Section 22 quantitative limitations,no,,,Valued 30¢/kg or more but less than 50¢/kg
9904.02.29,Subchapter IV – Section 22 quantitative limitations,no,,,Valued 50¢/kg or more but less than 70¢/kg
9904.02.30,Subchapter IV – Section 22 quantitative limitations,no,,,Valued 70¢/kg or more but less than 90¢/kg
9904.02.31,Subchapter IV – Section 22 quantitative limitations,no,,,Valued 90¢/kg or more but less than $1.10/kg
9904.02.32,Subchapter IV – Section 22 quantitative limitations,no,,,Valued $1.10/kg or more but less than $1.30/kg
9904.02.33,Subchapter IV – Section 22 quantitative limitations,no,,,Valued $1.30/kg or more but less than $1.50/kg
9904.02.34,Subchapter IV – Section 22 quantitative limitations,no,,,Valued $1.50/kg or more but less than $1.70/kg
9904.02.35,Subchapter IV – Section 22 quantitative limitations,no,,,Valued $1.70/kg or more
9904.02.37,Subchapter IV – Section 22 quantitative limitations,no,,,If entered during the effective period of safeguards based upon quantity announced by the Secretary of Agriculture
9904.02.60,Subchapter IV – Section 22 quantitative limitations,no,,,"Sheep meat, provided for in subheadings 0204.21.00, 0204.22.40, 0204.23.40, 0204.41.00, 0204.42.40 or 0204.43.40, if entered during the effective period of safeguards based upon quantity announced by the Secretary of Agriculture"
9904.04.01,Subchapter IV – Section 22 quantitative limitations,no,,,Valued less than 20¢/liter
9904.04.02,Subchapter IV – Section 22 quantitative limitations,no,,,Valued 20¢/liter or more but less than 40¢/liter
9904.04.03,Subchapter IV – Section 22 quantitative limitations,no,,,Valued 40¢/liter or more but less than 60¢/liter
9904.04.04,Subchapter IV – Section 22 quantitative limitations,no,,,Valued 60¢/liter or more but less than 80¢/liter
9904.04.05,Subchapter IV – Section 22 quantitative limitations,no,,,Valued 80¢/liter or more but less than $1/liter
9904.04.06,Subchapter IV – Section 22 quantitative limitations,no,,,Valued $1/liter or more but less than $1.20/liter
9904.04.07,Subchapter IV – Section 22 quantitative limitations,no,,,Valued $1.20/liter or more
9904.04.08,Subchapter IV – Section 22 quantitative limitations,no,,,If entered during the effective period of safeguards based upon quantity announced by the Secretary of Agriculture
9904.04.09,Subchapter IV – Section 22 quantitative limitations,no,,,Valued less than 60¢/kg
9904.04.10,Subchapter IV – Section 22 quantitative limitations,no,,,Valued 60¢/kg or more but less than 80¢/kg
9904.04.11,Subchapter IV – Section 22 quantitative limitations,no,,,Valued 80¢/kg or more but less than $1/kg
9904.04.12,Subchapter IV – Section 22 quantitative limitations,no,,,Valued $1/kg or more but less than $1.20/kg
9904.04.13,Subchapter IV – Section 22 quantitative limitations,no,,,Valued $1.20/kg or more but less than $1.40/kg
9904.04.14,Subchapter IV – Section 22 quantitative limitations,no,,,Valued $1.40/kg or more but less than $1.60/kg
9904.04.15,Subchapter IV – Section 22 quantitative limitations,no,,,Valued $1.60/kg or more but less than $1.80/kg
9904.04.16,Subchapter IV – Section 22 quantitative limitations,no,,,Valued $1.80/kg or more but less than $2/kg
9904.04.17,Subchapter IV – Section 22 quantitative limitations,no,,,Valued $2/kg or more but less than $2.20/kg
9904.04.18,Subchapter IV – Section 22 quantitative limitations,no,,,Valued $2.20/kg or more but less than $2.40/kg
9904.04.19,Subchapter IV – Section 22 quantitative limitations,no,,,Valued $2.40/kg or more
9904.04.20,Subchapter IV – Section 22 quantitative limitations,no,,,Provided for in subheadings 0401.50.75 or 0403.90.78
9904.04.21,Subchapter IV – Section 22 quantitative limitations,no,,,Provided for in subheading 0405.10.20
9904.04.22,Subchapter IV – Section 22 quantitative limitations,no,,,Valued less than 20¢/kg
9904.04.23,Subchapter IV – Section 22 quantitative limitations,no,,,Valued 20¢/kg or more but less than 30¢/kg
9904.04.24,Subchapter IV – Section 22 quantitative limitations,no,,,Valued 30¢/kg or more but less than 40¢/kg
9904.04.25,Subchapter IV – Section 22 quantitative limitations,no,,,Valued 40¢/kg or more but less than 50¢/kg
9904.04.26,Subchapter IV – Section 22 quantitative limitations,no,,,Valued 50¢/kg or more but less than 60¢/kg
9904.04.27,Subchapter IV – Section 22 quantitative limitations,no,,,Valued 60¢/kg or more but less than 70¢/kg
9904.04.28,Subchapter IV – Section 22 quantitative limitations,no,,,Valued 70¢/kg or more but less than 80¢/kg
9904.04.29,Subchapter IV – Section 22 quantitative limitations,no,,,Valued 80¢/kg or more
9904.04.30,Subchapter IV – Section 22 quantitative limitations,no,,,If entered during the effective period of safeguards based upon quantity announced by the Secretary of Agriculture
9904.04.31,Subchapter IV – Section 22 quantitative limitations,no,,,Valued less than 15¢/kg
9904.04.32,Subchapter IV – Section 22 quantitative limitations,no,,,Valued 15¢/kg or more but less than 25¢/kg
9904.04.33,Subchapter IV – Section 22 quantitative limitations,no,,,Valued 25¢/kg or more but less than 35¢/kg
9904.04.34,Subchapter IV – Section 22 quantitative limitations,no,,,Valued 35¢/kg or more but less than 45¢/kg
9904.04.35,Subchapter IV – Section 22 quantitative limitations,no,,,Valued 45¢/kg or more but less than 55¢/kg
9904.04.36,Subchapter IV – Section 22 quantitative limitations,no,,,Valued 55¢/kg or more but less than 65¢/kg
9904.04.37,Subchapter IV – Section 22 quantitative limitations,no,,,Valued 65¢/kg or more but less than 75¢/kg
9904.04.38,Subchapter IV – Section 22 quantitative limitations,no,,,Valued 75¢/kg or more
9904.04.39,Subchapter IV – Section 22 quantitative limitations,no,,,If entered during the effective period of safeguards based upon quantity announced by the Secretary of Agriculture
9904.04.40,Subchapter IV – Section 22 quantitative limitations,no,,,Valued less than 60¢/kg
9904.04.41,Subchapter IV – Section 22 quantitative limitations,no,,,Valued 60¢/kg or more but less than 80¢/kg
9904.04.42,Subchapter IV – Section 22 quantitative limitations,no,,,Valued 80¢/kg or more but less than $1/kg
9904.04.43,Subchapter IV – Section 22 quantitative limitations,no,,,Valued $1/kg or more but less than $1.20/kg
9904.04.44,Subchapter IV – Section 22 quantitative limitations,no,,,Valued $1.20/kg or more but less than $1.40/kg
9904.04.45,Subchapter IV – Section 22 quantitative limitations,no,,,Valued $1.40/kg or more but less than $1.60/kg
9904.04.46,Subchapter IV – Section 22 quantitative limitations,no,,,Valued $1.60/kg or more but less than $1.80/kg
9904.04.47,Subchapter IV – Section 22 quantitative limitations,no,,,Valued $1.80/kg or more but less than $2/kg
9904.04.48,Subchapter IV – Section 22 quantitative limitations,no,,,Valued $2/kg or more
9904.04.49,Subchapter IV – Section 22 quantitative limitations,no,,,If entered during the effective period of safeguards based upon quantity announced by the Secretary of Agriculture
9904.04.50,Subchapter IV – Section 22 quantitative limitations,no,,,Valued less than 65¢/kg
9904.04.51,Subchapter IV – Section 22 quantitative limitations,no,,,Valued 65¢/kg or more but less than 95¢/kg
9904.04.52,Subchapter IV – Section 22 quantitative limitations,no,,,Valued 95¢/kg or more but less than $1.25/kg
9904.04.53,Subchapter IV – Section 22 quantitative limitations,no,,,Valued $1.25/kg or more but less than $1.55/kg
9904.04.54,Subchapter IV – Section 22 quantitative limitations,no,,,Valued $1.55/kg or more but less than $1.85/kg
9904.04.55,Subchapter IV – Section 22 quantitative limitations,no,,,Valued $1.85/kg or more but less than $2.05/kg
9904.04.56,Subchapter IV – Section 22 quantitative limitations,no,,,Valued $2.05/kg or more but less than $2.25/kg
9904.04.58,Subchapter IV – Section 22 quantitative limitations,no,,,Valued $2.25/kg or more
9904.04.59,Subchapter IV – Section 22 quantitative limitations,no,,,Valued less than 30¢/kg
9904.04.60,Subchapter IV – Section 22 quantitative limitations,no,,,Valued 30¢/kg or more but less than 50¢/kg
9904.04.61,Subchapter IV – Section 22 quantitative limitations,no,,,Valued 50¢/kg or more but less than 70¢/kg
9904.04.62,Subchapter IV – Section 22 quantitative limitations,no,,,Valued 70¢/kg or more but less than 90¢/kg
9904.04.63,Subchapter IV – Section 22 quantitative limitations,no,,,Valued 90¢/kg or more but less than $1.10/kg
9904.04.64,Subchapter IV – Section 22 quantitative limitations,no,,,Valued $1.10/kg or more but less than $1.30/kg
9904.04.65,Subchapter IV – Section 22 quantitative limitations,no,,,Valued $1.30/kg or more but less than $1.50/kg
9904.04.66,Subchapter IV – Section 22 quantitative limitations,no,,,Valued $1.50/kg or more
9904.04.67,Subchapter IV – Section 22 quantitative limitations,no,,,Valued less than 30¢/kg
9904.04.68,Subchapter IV – Section 22 quantitative limitations,no,,,Valued 30¢/kg or more but less than 50¢/kg
9904.04.69,Subchapter IV – Section 22 quantitative limitations,no,,,Valued 50¢/kg or more but less than 70¢/kg
9904.04.70,Subchapter IV – Section 22 quantitative limitations,no,,,Valued 70¢/kg or more but less than 90¢/kg
9904.04.71,Subchapter IV – Section 22 quantitative limitations,no,,,Valued 90¢/kg or more but less than $1.10/kg
9904.04.72,Subchapter IV – Section 22 quantitative limitations,no,,,Valued $1.10/kg or more but less than $1.30/kg
9904.04.73,Subchapter IV – Section 22 quantitative limitations,no,,,Valued $1.30/kg or more but less than $1.50/kg
9904.04.74,Subchapter IV – Section 22 quantitative limitations,no,,,Valued $1.50/kg or more
9904.04.75,Subchapter IV – Section 22 quantitative limitations,no,,,Valued less than 90¢/kg
9904.04.76,Subchapter IV – Section 22 quantitative limitations,no,,,Valued 90¢/kg or more but less than $1.20/kg
9904.04.77,Subchapter IV – Section 22 quantitative limitations,no,,,Valued $1.20/kg or more but less than $1.50/kg
9904.04.78,Subchapter IV – Section 22 quantitative limitations,no,,,Valued $1.50/kg or more but less than $1.80/kg
9904.04.79,Subchapter IV – Section 22 quantitative limitations,no,,,Valued $1.80/kg or more but less than $2.10/kg
9904.04.80,Subchapter IV – Section 22 quantitative limitations,no,,,Valued $2.10/kg or more but less than $2.30/kg
9904.04.81,Subchapter IV – Section 22 quantitative limitations,no,,,Valued $2.30/kg or more but less than $2.50/kg
9904.04.82,Subchapter IV – Section 22 quantitative limitations,no,,,Valued $2.50/kg or more
9904.04.83,Subchapter IV – Section 22 quantitative limitations,no,,,Provided for in subheading 0402.29.50
9904.04.84,Subchapter IV – Section 22 quantitative limitations,no,,,Provided for in subheading 0402.99.90
9904.04.85,Subchapter IV – Section 22 quantitative limitations,no,,,Provided for in subheadings 0403.20.50 or 0403.90.95
9904.04.86,Subchapter IV – Section 22 quantitative limitations,no,,,Provided for in subheading 0404.10.15
9904.04.87,Subchapter IV – Section 22 quantitative limitations,no,,,Provided for in subheading 0404.90.50
9904.04.88,Subchapter IV – Section 22 quantitative limitations,no,,,Provided for in subheading 1517.90.60
9904.04.89,Subchapter IV – Section 22 quantitative limitations,no,,,Provided for in subheading 1704.90.58
9904.04.90,Subchapter IV – Section 22 quantitative limitations,no,,,Provided for in subheading 1806.20.82
9904.04.91,Subchapter IV – Section 22 quantitative limitations,no,,,Provided for in subheading 1806.20.83
9904.04.92,Subchapter IV – Section 22 quantitative limitations,no,,,Provided for in subheadings 1806.32.70 or 1806.90.08
9904.04.93,Subchapter IV – Section 22 quantitative limitations,no,,,Provided for in subheadings 1806.32.80 or 1806.90.10
9904.04.94,Subchapter IV – Section 22 quantitative limitations,no,,,Provided for in subheadings 1901.10.26 or 1901.10.44
9904.04.95,Subchapter IV – Section 22 quantitative limitations,no,,,Provided for in subheadings 1901.20.15 or 1901.20.50
9904.04.96,Subchapter IV – Section 22 quantitative limitations,no,,,"Provided for in subheadings 1901.10.56, 1901.10.66, 1901.90.62 or 1901.90.65"
9904.04.97,Subchapter IV – Section 22 quantitative limitations,no,,,Provided for in subheading 2105.00.40
9904.04.98,Subchapter IV – Section 22 quantitative limitations,no,,,Provided for in subheading 2106.90.09
9904.04.99,Subchapter IV – Section 22 quantitative limitations,no,,,Provided for in subheadings 0405.20.70 or 2106.90.66
9904.05.00,Subchapter IV – Section 22 quantitative limitations,no,,,Provided for in subheading 2106.90.87
9904.05.01,Subchapter IV – Section 22 quantitative limitations,no,,,Provided for in subheading 2202.99.28
9904.05.02,Subchapter IV – Section 22 quantitative limitations,no,,,Valued less than 15¢/kg
9904.05.03,Subchapter IV – Section 22 quantitative limitations,no,,,Valued 15¢/kg or more but less than 20¢/kg
9904.05.04,Subchapter IV – Section 22 quantitative limitations,no,,,Valued 20¢/kg or more but less than 25¢/kg
9904.05.05,Subchapter IV – Section 22 quantitative limitations,no,,,Valued 25¢/kg or more but less than 30¢/kg
9904.05.06,Subchapter IV – Section 22 quantitative limitations,no,,,Valued 30¢/kg or more but less than 40¢/kg
9904.05.07,Subchapter IV – Section 22 quantitative limitations,no,,,Valued 40¢/kg or more but less than 50¢/kg
9904.05.08,Subchapter IV – Section 22 quantitative limitations,no,,,Valued 50¢/kg or more
9904.05.09,Subchapter IV – Section 22 quantitative limitations,no,,,Valued less than 30¢/kg
9904.05.10,Subchapter IV – Section 22 quantitative limitations,no,,,Valued 30¢/kg or more but less than 40¢/kg
9904.05.11,Subchapter IV – Section 22 quantitative limitations,no,,,Valued 40¢/kg or more but less than 50¢/kg
9904.05.12,Subchapter IV – Section 22 quantitative limitations,no,,,Valued 50¢/kg or more but less than 60¢/kg
9904.05.13,Subchapter IV – Section 22 quantitative limitations,no,,,Valued 60¢/kg or more but less than 70¢/kg
9904.05.14,Subchapter IV – Section 22 quantitative limitations,no,,,Valued 70¢/kg or more but less than 80¢/kg
9904.05.15,Subchapter IV – Section 22 quantitative limitations,no,,,Valued 80¢/kg or more but less than 90¢/kg
9904.05.16,Subchapter IV – Section 22 quantitative limitations,no,,,Valued 90¢/kg or more but less than $1/kg
9904.05.17,Subchapter IV – Section 22 quantitative limitations,no,,,Valued $1/kg or more
9904.05.18,Subchapter IV – Section 22 quantitative limitations,no,,,Provided for in subheadings 0402.91.70 or 0402.91.90
9904.05.19,Subchapter IV – Section 22 quantitative limitations,no,,,Provided for in subheadings 0402.99.45 or 0402.99.55
9904.05.20,Subchapter IV – Section 22 quantitative limitations,no,,,Valued less than 20¢/kg
9904.05.21,Subchapter IV – Section 22 quantitative limitations,no,,,Valued 20¢/kg or more but less than 30¢/kg
9904.05.22,Subchapter IV – Section 22 quantitative limitations,no,,,Valued 30¢/kg or more but less than 40¢/kg
9904.05.23,Subchapter IV – Section 22 quantitative limitations,no,,,Valued 40¢/kg or more but less than 50¢/kg
9904.05.24,Subchapter IV – Section 22 quantitative limitations,no,,,Valued 50¢/kg or more but less than 60¢/kg
9904.05.25,Subchapter IV – Section 22 quantitative limitations,no,,,Valued 60¢/kg or more but less than 70¢/kg
9904.05.26,Subchapter IV – Section 22 quantitative limitations,no,,,Valued 70¢/kg or more
9904.05.28,Subchapter IV – Section 22 quantitative limitations,no,,,Valued less than 7¢/kg
9904.05.29,Subchapter IV – Section 22 quantitative limitations,no,,,Valued 7¢/kg or more but less than 10¢/kg
9904.05.30,Subchapter IV – Section 22 quantitative limitations,no,,,Valued 10¢/kg or more but less than 15¢/kg
9904.05.31,Subchapter IV – Section 22 quantitative limitations,no,,,Valued 15¢/kg or more but less than 20¢/kg
9904.05.32,Subchapter IV – Section 22 quantitative limitations,no,,,Valued 20¢/kg or more but less than 25¢/kg
9904.05.33,Subchapter IV – Section 22 quantitative limitations,no,,,Valued 25¢/kg or more but less than 30¢/kg
9904.05.34,Subchapter IV – Section 22 quantitative limitations,no,,,Valued 30¢/kg or more but less than 35¢/kg
9904.05.35,Subchapter IV – Section 22 quantitative limitations,no,,,Valued 35¢/kg or more
9904.05.36,Subchapter IV – Section 22 quantitative limitations,no,,,If entered during the effective period of safeguards based upon quantity announced by the Secretary of Agriculture
9904.05.37,Subchapter IV – Section 22 quantitative limitations,no,,,Valued less than 60¢/kg
9904.05.38,Subchapter IV – Section 22 quantitative limitations,no,,,Valued 60¢/kg or more but less than 80¢/kg
9904.05.39,Subchapter IV – Section 22 quantitative limitations,no,,,Valued 80¢/kg or more but less than $1/kg
9904.05.40,Subchapter IV – Section 22 quantitative limitations,no,,,Valued $1/kg or more but less than $1.20/kg
9904.05.41,Subchapter IV – Section 22 quantitative limitations,no,,,Valued $1.20/kg or more but less than $1.40/kg
9904.05.42,Subchapter IV – Section 22 quantitative limitations,no,,,Valued $1.40/kg or more but less than $1.60/kg
9904.05.43,Subchapter IV – Section 22 quantitative limitations,no,,,Valued $1.60/kg or more but less than $1.80/kg
9904.05.44,Subchapter IV – Section 22 quantitative limitations,no,,,Valued $1.80/kg or more but less than $2/kg
9904.05.45,Subchapter IV – Section 22 quantitative limitations,no,,,Valued $2/kg or more
9904.05.46,Subchapter IV – Section 22 quantitative limitations,no,,,Provided for in subheading 0405.90.20
9904.05.47,Subchapter IV – Section 22 quantitative limitations,no,,,"Provided for in subheadings 0405.20.30, 2106.90.26 or 2106.90.36"
9904.05.48,Subchapter IV – Section 22 quantitative limitations,no,,,Valued less than $1.20/kg
9904.05.49,Subchapter IV – Section 22 quantitative limitations,no,,,Valued $1.20/kg or more but less than $1.50/kg
9904.05.50,Subchapter IV – Section 22 quantitative limitations,no,,,Valued $1.50/kg or more but less than $1.80/kg
9904.05.51,Subchapter IV – Section 22 quantitative limitations,no,,,Valued $1.80/kg or more but less than $2.10/kg
9904.05.52,Subchapter IV – Section 22 quantitative limitations,no,,,Valued $2.10/kg or more but less than $2.40/kg
9904.05.53,Subchapter IV – Section 22 quantitative limitations,no,,,Valued $2.40/kg or more but less than $2.70/kg
9904.05.54,Subchapter IV – Section 22 quantitative limitations,no,,,Valued $2.70/kg or more but less than $3/kg
9904.05.55,Subchapter IV – Section 22 quantitative limitations,no,,,Valued $3/kg or more but less than $3.30/kg
9904.05.56,Subchapter IV – Section 22 quantitative limitations,no,,,Valued $3.30/kg or more but less than $3.50/kg
9904.05.57,Subchapter IV – Section 22 quantitative limitations,no,,,Valued $3.50/kg or more
9904.05.58,Subchapter IV – Section 22 quantitative limitations,no,,,If entered during the effective period of safeguards based upon quantity announced by the Secretary of Agriculture
9904.05.59,Subchapter IV – Section 22 quantitative limitations,no,,,Valued less than 65¢/kg
9904.05.60,Subchapter IV – Section 22 quantitative limitations,no,,,Valued 65¢/kg or more but less than 75¢/kg
9904.05.61,Subchapter IV – Section 22 quantitative limitations,no,,,Valued 75¢/kg or more but less than 85¢/kg
9904.05.62,Subchapter IV – Section 22 quantitative limitations,no,,,Valued 85¢/kg or more but less than 95¢/kg
9904.05.63,Subchapter IV – Section 22 quantitative limitations,no,,,Valued 95¢/kg or more but less than $1.05/kg
9904.05.64,Subchapter IV – Section 22 quantitative limitations,no,,,Valued $1.05/kg or more but less than $1.15/kg
9904.05.65,Subchapter IV – Section 22 quantitative limitations,no,,,Valued $1.15/kg or more but less than $1.25/kg
9904.05.66,Subchapter IV – Section 22 quantitative limitations,no,,,Valued $1.25/kg or more but less than $1.35/kg
9904.05.67,Subchapter IV – Section 22 quantitative limitations,no,,,Valued $1.35/kg or more but less than $1.45/kg
9904.05.68,Subchapter IV – Section 22 quantitative limitations,no,,,Valued $1.45/kg or more but less than $1.55/kg
9904.05.69,Subchapter IV – Section 22 quantitative limitations,no,,,Valued $1.55/kg or more but less than $1.65/kg
9904.05.70,Subchapter IV – Section 22 quantitative limitations,no,,,Valued $1.65/kg or more but less than $1.75/kg
9904.05.71,Subchapter IV – Section 22 quantitative limitations,no,,,Valued $1.75/kg or more but less than $1.85/kg
9904.05.72,Subchapter IV – Section 22 quantitative limitations,no,,,Valued $1.85/kg or more
9904.05.73,Subchapter IV – Section 22 quantitative limitations,no,,,If entered during the effective period of safeguards based upon quantity announced by the Secretary of Agriculture
9904.05.74,Subchapter IV – Section 22 quantitative limitations,no,,,Valued less than 50¢/kg
9904.05.75,Subchapter IV – Section 22 quantitative limitations,no,,,Valued 50¢/kg or more but less than 70¢/kg
9904.05.76,Subchapter IV – Section 22 quantitative limitations,no,,,Valued 70¢/kg or more but less than 90¢/kg
9904.05.77,Subchapter IV – Section 22 quantitative limitations,no,,,Valued 90¢/kg or more but less than $1.10/kg
9904.05.78,Subchapter IV – Section 22 quantitative limitations,no,,,Valued $1.10/kg or more but less than $1.20/kg
9904.05.79,Subchapter IV – Section 22 quantitative limitations,no,,,Valued $1.20/kg or more but less than $1.40/kg
9904.05.80,Subchapter IV – Section 22 quantitative limitations,no,,,Valued $1.40/kg or more but less than $1.60/kg
9904.05.81,Subchapter IV – Section 22 quantitative limitations,no,,,Valued $1.60/kg or more
9904.05.82,Subchapter IV – Section 22 quantitative limitations,no,,,If entered during the effective period of safeguards based upon quantity announced by the Secretary of Agriculture
9904.05.83,Subchapter IV – Section 22 quantitative limitations,no,,,Valued less than $1.05/kg
9904.05.84,Subchapter IV – Section 22 quantitative limitations,no,,,Valued $1.05/kg or more but less than $1.25/kg
9904.05.85,Subchapter IV – Section 22 quantitative limitations,no,,,Valued $1.25/kg or more but less than $1.45/kg
9904.05.86,Subchapter IV – Section 22 quantitative limitations,no,,,Valued $1.45/kg or more but less than $1.65/kg
9904.05.87,Subchapter IV – Section 22 quantitative limitations,no,,,Valued $1.65/kg or more but less than $1.85/kg
9904.05.88,Subchapter IV – Section 22 quantitative limitations,no,,,Valued $1.85/kg or more but less than $2.05/kg
9904.05.89,Subchapter IV – Section 22 quantitative limitations,no,,,Valued $2.05/kg or more but less than $2.25/kg
9904.05.90,Subchapter IV – Section 22 quantitative limitations,no,,,Valued $2.25/kg or more but less than $2.45/kg
9904.05.91,Subchapter IV – Section 22 quantitative limitations,no,,,Valued $2.45/kg or more but less than $2.65/kg
9904.05.92,Subchapter IV – Section 22 quantitative limitations,no,,,Valued $2.65/kg or more but less than $2.75/kg
9904.05.93,Subchapter IV – Section 22 quantitative limitations,no,,,Valued $2.75/kg or more
9904.05.94,Subchapter IV – Section 22 quantitative limitations,no,,,If entered during the effective period of safeguards based upon quantity announced by the Secretary of Agriculture
9904.05.95,Subchapter IV – Section 22 quantitative limitations,no,,,Valued less than $1.15/kg
9904.05.96,Subchapter IV – Section 22 quantitative limitations,no,,,Valued $1.15/kg or more but less than $1.45/kg
9904.05.97,Subchapter IV – Section 22 quantitative limitations,no,,,Valued $1.45/kg or more but less than $1.75/kg
9904.05.98,Subchapter IV – Section 22 quantitative limitations,no,,,Valued $1.75/kg or more but less than $2.05/kg
9904.05.99,Subchapter IV – Section 22 quantitative limitations,no,,,Valued $2.05/kg or more but less than $2.35/kg
9904.06.00,Subchapter IV – Section 22 quantitative limitations,no,,,Valued $2.35/kg or more but less than $2.65/kg
9904.06.01,Subchapter IV – Section 22 quantitative limitations,no,,,Valued $2.65/kg or more but less than $2.95/kg
9904.06.02,Subchapter IV – Section 22 quantitative limitations,no,,,Valued $2.95/kg or more but less than $3.15/kg
9904.06.03,Subchapter IV – Section 22 quantitative limitations,no,,,Valued $3.15/kg or more but less than $3.35/kg
9904.06.04,Subchapter IV – Section 22 quantitative limitations,no,,,Valued $3.35/kg or more
9904.06.05,Subchapter IV – Section 22 quantitative limitations,no,,,If entered during the effective period of safeguards based upon quantity announced by the Secretary of Agriculture
9904.06.06,Subchapter IV – Section 22 quantitative limitations,no,,,Valued less than 90¢/kg
9904.06.07,Subchapter IV – Section 22 quantitative limitations,no,,,Valued 90¢/kg or more but less than $1.10/kg
9904.06.08,Subchapter IV – Section 22 quantitative limitations,no,,,Valued $1.10/kg or more but less than $1.30/kg
9904.06.09,Subchapter IV – Section 22 quantitative limitations,no,,,Valued $1.30/kg or more but less than $1.50/kg
9904.06.10,Subchapter IV – Section 22 quantitative limitations,no,,,Valued $1.50/kg or more but less than $1.70/kg
9904.06.11,Subchapter IV – Section 22 quantitative limitations,no,,,Valued $1.70/kg or more but less than $1.90/kg
9904.06.12,Subchapter IV – Section 22 quantitative limitations,no,,,Valued $1.90/kg or more but less than $2.10/kg
9904.06.13,Subchapter IV – Section 22 quantitative limitations,no,,,Valued $2.10/kg or more but less than $2.30/kg
9904.06.14,Subchapter IV – Section 22 quantitative limitations,no,,,Valued $2.30/kg or more but less than $2.50/kg
9904.06.15,Subchapter IV – Section 22 quantitative limitations,no,,,Valued $2.50/kg or more but less than $2.70/kg
9904.06.16,Subchapter IV – Section 22 quantitative limitations,no,,,Valued $2.70/kg or more but less than $2.90/kg
9904.06.17,Subchapter IV – Section 22 quantitative limitations,no,,,Valued $2.90/kg or more
9904.06.18,Subchapter IV – Section 22 quantitative limitations,no,,,If entered during the effective period of safeguards based upon quantity announced by the Secretary of Agriculture
9904.06.19,Subchapter IV – Section 22 quantitative limitations,no,,,Valued less than 70¢/kg
9904.06.20,Subchapter IV – Section 22 quantitative limitations,no,,,Valued 70¢/kg or more but less than 90¢/kg
9904.06.21,Subchapter IV – Section 22 quantitative limitations,no,,,Valued 90¢/kg or more but less than $1.10/kg
9904.06.22,Subchapter IV – Section 22 quantitative limitations,no,,,Valued $1.10/kg or more but less than $1.30/kg
9904.06.23,Subchapter IV – Section 22 quantitative limitations,no,,,Valued $1.30/kg or more but less than $1.50/kg
9904.06.24,Subchapter IV – Section 22 quantitative limitations,no,,,Valued $1.50/kg or more but less than $1.70/kg
9904.06.25,Subchapter IV – Section 22 quantitative limitations,no,,,Valued $1.70/kg or more but less than $1.90/kg
9904.06.26,Subchapter IV – Section 22 quantitative limitations,no,,,Valued $1.90/kg or more but less than $2.10/kg
9904.06.27,Subchapter IV – Section 22 quantitative limitations,no,,,Valued $2.10/kg or more
9904.06.28,Subchapter IV – Section 22 quantitative limitations,no,,,If entered during the effective period of safeguards based upon quantity announced by the Secretary of Agriculture
9904.06.29,Subchapter IV – Section 22 quantitative limitations,no,,,Valued less than 50¢/kg
9904.06.30,Subchapter IV – Section 22 quantitative limitations,no,,,Valued 50¢/kg or more but less than 70¢/kg
9904.06.31,Subchapter IV – Section 22 quantitative limitations,no,,,Valued 70¢/kg or more but less than 90¢/kg
9904.06.32,Subchapter IV – Section 22 quantitative limitations,no,,,Valued 90¢/kg or more but less than $1.10/kg
9904.06.33,Subchapter IV – Section 22 quantitative limitations,no,,,Valued $1.10/kg or more but less than $1.30/kg
9904.06.34,Subchapter IV – Section 22 quantitative limitations,no,,,Valued $1.30/kg or more but less than $1.50/kg
9904.06.35,Subchapter IV – Section 22 quantitative limitations,no,,,Valued $1.50/kg or more but less than $1.70/kg
9904.06.36,Subchapter IV – Section 22 quantitative limitations,no,,,Valued $1.70/kg or more
9904.06.37,Subchapter IV – Section 22 quantitative limitations,no,,,If entered during the effective period of safeguards based upon quantity announced by the Secretary of Agriculture
9904.06.38,Subchapter IV – Section 22 quantitative limitations,no,,,Valued less than 50¢/kg
9904.06.39,Subchapter IV – Section 22 quantitative limitations,no,,,Valued 50¢/kg or more but less than 70¢/kg
9904.06.40,Subchapter IV – Section 22 quantitative limitations,no,,,Valued 70¢/kg or more but less than 90¢/kg
9904.06.41,Subchapter IV – Section 22 quantitative limitations,no,,,Valued 90¢/kg or more but less than $1.10/kg
9904.06.42,Subchapter IV – Section 22 quantitative limitations,no,,,Valued $1.10/kg or more but less than $1.30/kg
9904.06.43,Subchapter IV – Section 22 quantitative limitations,no,,,Valued $1.30/kg or more but less than $1.50/kg
9904.06.44,Subchapter IV – Section 22 quantitative limitations,no,,,Valued $1.50/kg or more but less than $1.70/kg
9904.06.45,Subchapter IV – Section 22 quantitative limitations,no,,,Valued $1.70/kg or more but less than $1.90/kg
9904.06.46,Subchapter IV – Section 22 quantitative limitations,no,,,Valued $1.90/kg or more but less than $2.10/kg
9904.06.47,Subchapter IV – Section 22 quantitative limitations,no,,,Valued $2.10/kg or more but less than $2.30/kg
9904.06.48,Subchapter IV – Section 22 quantitative limitations,no,,,Valued $2.30/kg or more
9904.06.49,Subchapter IV – Section 22 quantitative limitations,no,,,If entered during the effective period of safeguards based upon quantity announced by the Secretary of Agriculture
9904.12.01,Subchapter IV – Section 22 quantitative limitations,no,,13.3¢/kg,Valued less than 5¢/kg
9904.12.02,Subchapter IV – Section 22 quantitative limitations,no,,,Valued 5¢/kg or more but less than 10¢/kg
9904.12.03,Subchapter IV – Section 22 quantitative limitations,no,,,Valued 10¢/kg or more but less than 15¢/kg
9904.12.04,Subchapter IV – Section 22 quantitative limitations,no,,,Valued 15¢/kg or more but less than 20¢/kg
9904.12.05,Subchapter IV – Section 22 quantitative limitations,no,,,Valued 20¢/kg or more but less than 25¢/kg
9904.12.06,Subchapter IV – Section 22 quantitative limitations,no,,,Valued 25¢/kg or more
9904.12.07,Subchapter IV – Section 22 quantitative limitations,no,,,Valued less than 10¢/kg
9904.12.08,Subchapter IV – Section 22 quantitative limitations,no,,,Valued 10¢/kg or more but less than 20¢/kg
9904.12.09,Subchapter IV – Section 22 quantitative limitations,no,,,Valued 20¢/kg or more but less than 30¢/kg
9904.12.10,Subchapter IV – Section 22 quantitative limitations,no,,,Valued 30¢/kg or more but less than 40¢/kg
9904.12.11,Subchapter IV – Section 22 quantitative limitations,no,,,Valued 40¢/kg or more but less than 50¢/kg
9904.12.12,Subchapter IV – Section 22 quantitative limitations,no,,,Valued 50¢/kg or more but less than 60¢/kg
9904.12.13,Subchapter IV – Section 22 quantitative limitations,no,,,Valued 60¢/kg or more but less than 70¢/kg
9904.12.14,Subchapter IV – Section 22 quantitative limitations,no,,,Valued 70¢/kg or more but less than 80¢/kg
9904.12.15,Subchapter IV – Section 22 quantitative limitations,no,,,Valued 80¢/kg or more but less than 90¢/kg
9904.12.16,Subchapter IV – Section 22 quantitative limitations,no,,,Valued 90¢/kg or more but less than $1/kg
9904.12.17,Subchapter IV – Section 22 quantitative limitations,no,,,Valued $1/kg or more
9904.12.18,Subchapter IV – Section 22 quantitative limitations,no,,,"In shell, provided for in subheading 1202.41.80"
9904.12.19,Subchapter IV – Section 22 quantitative limitations,no,,,"Other, provided for in subheadings 1202.30.80, 1202.42.20, 1202.42.90 or 2008.11.61"
9904.17.01,Subchapter IV – Section 22 quantitative limitations,no,,,Valued less than 5¢/kg
9904.17.02,Subchapter IV – Section 22 quantitative limitations,no,,,Valued 5¢/kg or more but less than 10¢/kg
9904.17.03,Subchapter IV – Section 22 quantitative limitations,no,,,Valued 10¢/kg or more but less than 15¢/kg
9904.17.04,Subchapter IV – Section 22 quantitative limitations,no,,,Valued 15¢/kg or more but less than 20¢/kg
9904.17.05,Subchapter IV – Section 22 quantitative limitations,no,,,Valued 20¢/kg or more but less than 25¢/kg
9904.17.06,Subchapter IV – Section 22 quantitative limitations,no,,,Valued 25¢/kg or more
9904.17.07,Subchapter IV – Section 22 quantitative limitations,no,,,If entered during the effective period of safeguards based upon quantity announced by the Secretary of Agriculture
9904.17.08,Subchapter IV – Section 22 quantitative limitations,no,,,Valued less than 5¢/kg
9904.17.09,Subchapter IV – Section 22 quantitative limitations,no,,,Valued 5¢/kg or more but less than 10¢/kg
9904.17.10,Subchapter IV – Section 22 quantitative limitations,no,,,Valued 10¢/kg or more but less than 15¢/kg
9904.17.11,Subchapter IV – Section 22 quantitative limitations,no,,,Valued 15¢/kg or more but less than 20¢/kg
9904.17.12,Subchapter IV – Section 22 quantitative limitations,no,,,Valued 20¢/kg or more but less than 25¢/kg
9904.17.13,Subchapter IV – Section 22 quantitative limitations,no,,,Valued 25¢/kg or more but less than 30¢/kg
9904.17.14,Subchapter IV – Section 22 quantitative limitations,no,,,Valued 30¢/kg or more but less than 35¢/kg
9904.17.15,Subchapter IV – Section 22 quantitative limitations,no,,,Valued 35¢/kg or more
9904.17.16,Subchapter IV – Section 22 quantitative limitations,no,,,If entered during the effective period of safeguards based upon quantity announced by the Secretary of Agriculture
9904.17.17,Subchapter IV – Section 22 quantitative limitations,no,,,Valued less than 5¢/kg
9904.17.18,Subchapter IV – Section 22 quantitative limitations,no,,,Valued 5¢/kg or more but less than 15¢/kg
9904.17.19,Subchapter IV – Section 22 quantitative limitations,no,,,Valued 15¢/kg or more but less than 25¢/kg
9904.17.20,Subchapter IV – Section 22 quantitative limitations,no,,,Valued 25¢/kg or more but less than 35¢/kg
9904.17.21,Subchapter IV – Section 22 quantitative limitations,no,,,Valued 35¢/kg or more but less than 45¢/kg
9904.17.22,Subchapter IV – Section 22 quantitative limitations,no,,,Valued 45¢/kg or more
9904.17.23,Subchapter IV – Section 22 quantitative limitations,no,,,Valued less than 10¢/kg
9904.17.24,Subchapter IV – Section 22 quantitative limitations,no,,,Valued 10¢/kg or more but less than 20¢/kg
9904.17.25,Subchapter IV – Section 22 quantitative limitations,no,,,Valued 20¢/kg or more but less than 30¢/kg
9904.17.26,Subchapter IV – Section 22 quantitative limitations,no,,,Valued 30¢/kg or more but less than 40¢/kg
9904.17.27,Subchapter IV – Section 22 quantitative limitations,no,,,Valued 40¢/kg or more but less than 50¢/kg
9904.17.28,Subchapter IV – Section 22 quantitative limitations,no,,,Valued 50¢/kg or more but less than 60¢/kg
9904.17.29,Subchapter IV – Section 22 quantitative limitations,no,,,Valued 60¢/kg or more but less than 70¢/kg
9904.17.30,Subchapter IV – Section 22 quantitative limitations,no,,,Valued 70¢/kg or more
9904.17.31,Subchapter IV – Section 22 quantitative limitations,no,,,Valued less than 5¢/kg
9904.17.32,Subchapter IV – Section 22 quantitative limitations,no,,,Valued 5¢/kg or more but less than 10¢/kg
9904.17.33,Subchapter IV – Section 22 quantitative limitations,no,,,Valued 10¢/kg or more but less than 15¢/kg
9904.17.34,Subchapter IV – Section 22 quantitative limitations,no,,,Valued 15¢/kg or more but less than 20¢/kg
9904.17.35,Subchapter IV – Section 22 quantitative limitations,no,,,Valued 20¢/kg or more but less than 25¢/kg
9904.17.36,Subchapter IV – Section 22 quantitative limitations,no,,,Valued 25¢/kg or more but less than 30¢/kg
9904.17.37,Subchapter IV – Section 22 quantitative limitations,no,,,Valued 30¢/kg or more but less than 35¢/kg
9904.17.38,Subchapter IV – Section 22 quantitative limitations,no,,,Valued 35¢/kg or more
9904.17.39,Subchapter IV – Section 22 quantitative limitations,no,,,Provided for in subheadings 1701.91.48 or 1702.90.68
9904.17.40,Subchapter IV – Section 22 quantitative limitations,no,,,Provided for in subheading 1704.90.68
9904.17.41,Subchapter IV – Section 22 quantitative limitations,no,,,Provided for in subheadings 1806.10.28 or 1806.10.55
9904.17.42,Subchapter IV – Section 22 quantitative limitations,no,,,Provided for in subheading 1806.20.73
9904.17.43,Subchapter IV – Section 22 quantitative limitations,no,,,Provided for in subheading 1806.90.49
9904.17.44,Subchapter IV – Section 22 quantitative limitations,no,,,Provided for in subheadings 1901.20.25 or 1901.20.60
9904.17.45,Subchapter IV – Section 22 quantitative limitations,no,,,Provided for in subheading 1901.90.54
9904.17.46,Subchapter IV – Section 22 quantitative limitations,no,,,Provided for in subheadings 2101.12.48 or 2101.20.48
9904.17.47,Subchapter IV – Section 22 quantitative limitations,no,,,Provided for in subheading 2106.90.76
9904.17.48,Subchapter IV – Section 22 quantitative limitations,no,,,Provided for in subheading 2106.90.94
9904.17.49,Subchapter IV – Section 22 quantitative limitations,no,,,Valued less than 5¢/kg
9904.17.50,Subchapter IV – Section 22 quantitative limitations,no,,,Valued 5¢/kg or more but less than 10¢/kg
9904.17.51,Subchapter IV – Section 22 quantitative limitations,no,,,Valued 10¢/kg or more but less than 15¢/kg
9904.17.52,Subchapter IV – Section 22 quantitative limitations,no,,,Valued 15¢/kg or more but less than 20¢/kg
9904.17.53,Subchapter IV – Section 22 quantitative limitations,no,,,Valued 20¢/kg or more but less than 25¢/kg
9904.17.54,Subchapter IV – Section 22 quantitative limitations,no,,,Valued 25¢/kg or more but less than 30¢/kg
9904.17.55,Subchapter IV – Section 22 quantitative limitations,no,,,Valued 30¢/kg or more but less than 35¢/kg
9904.17.56,Subchapter IV – Section 22 quantitative limitations,no,,,Valued 35¢/kg or more
9904.17.57,Subchapter IV – Section 22 quantitative limitations,no,,,Provided for in subheading 1701.91.58
9904.17.58,Subchapter IV – Section 22 quantitative limitations,no,,,Provided for in subheading 1704.90.78 or 3006.93.20
9904.17.59,Subchapter IV – Section 22 quantitative limitations,no,,,"Provided for in subheadings 1806.20.77, 2101.12.58 or 2101.20.58"
9904.17.60,Subchapter IV – Section 22 quantitative limitations,no,,,Provided for in subheading 1806.20.98
9904.17.62,Subchapter IV – Section 22 quantitative limitations,no,,,Provided for in subheading 1806.90.59
9904.17.63,Subchapter IV – Section 22 quantitative limitations,no,,,Provided for in subheading 1901.10.76 [or] 1901.90.71
9904.17.64,Subchapter IV – Section 22 quantitative limitations,no,,,Provided for in subheading 2106.90.80
9904.17.65,Subchapter IV – Section 22 quantitative limitations,no,,,Provided for in subheading 2106.90.97
9904.17.66,Subchapter IV – Section 22 quantitative limitations,no,,,Valued less than 5¢/kg
9904.17.67,Subchapter IV – Section 22 quantitative limitations,no,,,Valued 5¢/kg or more but less than 10¢/kg
9904.17.68,Subchapter IV – Section 22 quantitative limitations,no,,,Valued 10¢/kg or more but less than 15¢/kg
9904.17.69,Subchapter IV – Section 22 quantitative limitations,no,,,Valued 15¢/kg or more but less than 20¢/kg
9904.17.70,Subchapter IV – Section 22 quantitative limitations,no,,,Valued 20¢/kg or more but less than 25¢/kg
9904.17.71,Subchapter IV – Section 22 quantitative limitations,no,,,Valued 25¢/kg or more but less than 30¢/kg
9904.17.72,Subchapter IV – Section 22 quantitative limitations,no,,,Valued 30¢/kg or more
9904.17.73,Subchapter IV – Section 22 quantitative limitations,no,,,Provided for in subheading 1702.20.28
9904.17.74,Subchapter IV – Section 22 quantitative limitations,no,,,Provided for in subheading 1702.30.28
9904.17.75,Subchapter IV – Section 22 quantitative limitations,no,,,Provided for in subheading 1702.40.28
9904.17.76,Subchapter IV – Section 22 quantitative limitations,no,,,Provided for in subheading 1702.60.28
9904.17.77,Subchapter IV – Section 22 quantitative limitations,no,,,Provided for in subheading 1702.90.58
9904.17.78,Subchapter IV – Section 22 quantitative limitations,no,,,Provided for in subheading 1806.20.94
9904.17.80,Subchapter IV – Section 22 quantitative limitations,no,,,Provided for in subheading 1806.90.39
9904.17.81,Subchapter IV – Section 22 quantitative limitations,no,,,Provided for in subheading 2101.12.38
9904.17.82,Subchapter IV – Section 22 quantitative limitations,no,,,Provided for in subheading 2101.20.38
9904.17.83,Subchapter IV – Section 22 quantitative limitations,no,,,Provided for in subheading 2106.90.72
9904.17.84,Subchapter IV – Section 22 quantitative limitations,no,,,Provided for in subheading 2106.90.91
9904.18.01,Subchapter IV – Section 22 quantitative limitations,no,,,Valued less than 5¢/kg
9904.18.02,Subchapter IV – Section 22 quantitative limitations,no,,,Valued 5¢/kg or more but less than 15¢/kg
9904.18.03,Subchapter IV – Section 22 quantitative limitations,no,,,Valued 15¢/kg or more but less than 25¢/kg
9904.18.04,Subchapter IV – Section 22 quantitative limitations,no,,,Valued 25¢/kg or more but less than 35¢/kg
9904.18.05,Subchapter IV – Section 22 quantitative limitations,no,,,Valued 35¢/kg or more but less than 45¢/kg
9904.18.06,Subchapter IV – Section 22 quantitative limitations,no,,,Valued 45¢/kg or more
9904.18.07,Subchapter IV – Section 22 quantitative limitations,no,,,Provided for in subheading 1806.10.15
9904.18.08,Subchapter IV – Section 22 quantitative limitations,no,,,Provided for in subheadings 1806.10.38 or 1806.10.75
9904.18.09,Subchapter IV – Section 22 quantitative limitations,no,,,Valued less than 20¢/kg
9904.18.10,Subchapter IV – Section 22 quantitative limitations,no,,,Valued 20¢/kg or more but less than 40¢/kg
9904.18.11,Subchapter IV – Section 22 quantitative limitations,no,,,Valued 40¢/kg or more but less than 60¢/kg
9904.18.12,Subchapter IV – Section 22 quantitative limitations,no,,,Valued 60¢/kg or more but less than 80¢/kg
9904.18.13,Subchapter IV – Section 22 quantitative limitations,no,,,Valued 80¢/kg or more but less than $1/kg
9904.18.14,Subchapter IV – Section 22 quantitative limitations,no,,,Valued $1/kg or more
9904.18.15,Subchapter IV – Section 22 quantitative limitations,no,,,Provided for in subheadings 1806.20.26 or 1806.32.06
9904.18.16,Subchapter IV – Section 22 quantitative limitations,no,,,Provided for in subheadings 1806.20.28 or 1806.32.08
9904.18.17,Subchapter IV – Section 22 quantitative limitations,no,,,Provided for in subheadings 1806.90.18
9904.18.18,Subchapter IV – Section 22 quantitative limitations,no,,,Provided for in subheading 1806.90.20
9904.18.19,Subchapter IV – Section 22 quantitative limitations,no,,,Valued less than 20¢/kg
9904.18.20,Subchapter IV – Section 22 quantitative limitations,no,,,Valued 20¢/kg or more but less than 40¢/kg
9904.18.21,Subchapter IV – Section 22 quantitative limitations,no,,,Valued 40¢/kg or more but less than 60¢/kg
9904.18.22,Subchapter IV – Section 22 quantitative limitations,no,,,Valued 60¢/kg or more but less than 80¢/kg
9904.18.23,Subchapter IV – Section 22 quantitative limitations,no,,,Valued 80¢/kg or more but less than $1/kg
9904.18.24,Subchapter IV – Section 22 quantitative limitations,no,,,Valued $1/kg or more
9904.18.25,Subchapter IV – Section 22 quantitative limitations,no,,,Provided for in subheadings 1806.20.36 or 1806.32.16
9904.18.26,Subchapter IV – Section 22 quantitative limitations,no,,,Provided for in subheadings 1806.20.38 or 1806.32.18
9904.18.27,Subchapter IV – Section 22 quantitative limitations,no,,,Provided for in subheading 1806.20.87
9904.18.28,Subchapter IV – Section 22 quantitative limitations,no,,,Provided for in subheading 1806.20.89
9904.18.29,Subchapter IV – Section 22 quantitative limitations,no,,,Provided for in subheading 1806.90.28
9904.18.30,Subchapter IV – Section 22 quantitative limitations,no,,,Provided for in subheading 1806.90.30
9904.19.01,Subchapter IV – Section 22 quantitative limitations,no,,,Valued less than 65¢/kg
9904.19.02,Subchapter IV – Section 22 quantitative limitations,no,,,Valued 65¢/kg or more but less than 85¢/kg
9904.19.03,Subchapter IV – Section 22 quantitative limitations,no,,,Valued 85¢/kg or more but less than $1.05¢/kg
9904.19.04,Subchapter IV – Section 22 quantitative limitations,no,,,Valued $1.05/kg or more but less than $1.25/kg
9904.19.05,Subchapter IV – Section 22 quantitative limitations,no,,,Valued $1.25/kg or more but less than $1.55/kg
9904.19.06,Subchapter IV – Section 22 quantitative limitations,no,,,Valued $1.55/kg or more but less than $1.85/kg
9904.19.07,Subchapter IV – Section 22 quantitative limitations,no,,,Valued $1.85/kg or more but less than $2.05/kg
9904.19.08,Subchapter IV – Section 22 quantitative limitations,no,,,Valued $2.05/kg or more but less than $2.25/kg
9904.19.09,Subchapter IV – Section 22 quantitative limitations,no,,,Valued $2.25/kg or more
9904.19.10,Subchapter IV – Section 22 quantitative limitations,no,,,If entered during the effective period of safeguards based upon quantity announced by the Secretary of Agriculture
9904.19.11,Subchapter IV – Section 22 quantitative limitations,no,,,Valued less than 10¢/kg
9904.19.12,Subchapter IV – Section 22 quantitative limitations,no,,,Valued 10¢/kg or more but less than 20¢/kg
9904.19.13,Subchapter IV – Section 22 quantitative limitations,no,,,Valued 20¢/kg or more but less than 30¢/kg
9904.19.14,Subchapter IV – Section 22 quantitative limitations,no,,,Valued 30¢/kg or more but less than 40¢/kg
9904.19.15,Subchapter IV – Section 22 quantitative limitations,no,,,Valued 40¢/kg or more but less than 50¢/kg
9904.19.16,Subchapter IV – Section 22 quantitative limitations,no,,,Valued 50¢/kg or more but less than 60¢/kg
9904.19.17,Subchapter IV – Section 22 quantitative limitations,no,,,Valued 60¢/kg or more but less than 70¢/kg
9904.19.18,Subchapter IV – Section 22 quantitative limitations,no,,,Valued 70¢/kg or more
9904.19.19,Subchapter IV – Section 22 quantitative limitations,no,,,If entered during the effective period of safeguards based upon quantity announced by the Secretary of Agriculture
9904.20.01,Subchapter IV – Section 22 quantitative limitations,no,,,Valued less than 5¢/kg
9904.20.02,Subchapter IV – Section 22 quantitative limitations,no,,,Valued 5¢/kg or more but less than 15¢/kg
9904.20.03,Subchapter IV – Section 22 quantitative limitations,no,,,Valued 15¢/kg or more but less than 25¢/kg
9904.20.04,Subchapter IV – Section 22 quantitative limitations,no,,,Valued 25¢/kg or more but less than 35¢/kg
9904.20.05,Subchapter IV – Section 22 quantitative limitations,no,,,Valued 35¢/kg or more but less than 45¢/kg
9904.20.06,Subchapter IV – Section 22 quantitative limitations,no,,,Valued 45¢/kg or more but less than 55¢/kg
9904.20.07,Subchapter IV – Section 22 quantitative limitations,no,,,Valued 55¢/kg or more but less than 65¢/kg
9904.20.08,Subchapter IV – Section 22 quantitative limitations,no,,,Valued 65¢/kg or more but less than 75¢/kg
9904.20.09,Subchapter IV – Section 22 quantitative limitations,no,,,Valued 75¢/kg or more
9904.20.10,Subchapter IV – Section 22 quantitative limitations,no,,,If entered during the effective period of safeguards based upon quantity announced by the Secretary of Agriculture
9904.21.01,Subchapter IV – Section 22 quantitative limitations,no,,,Valued less than 5¢/kg
9904.21.02,Subchapter IV – Section 22 quantitative limitations,no,,,Valued 5¢/kg or more but less than 10¢/kg
9904.21.03,Subchapter IV – Section 22 quantitative limitations,no,,,Valued 10¢/kg or more but less than 15¢/kg
9904.21.04,Subchapter IV – Section 22 quantitative limitations,no,,,Valued 15¢/kg or more but less than 20¢/kg
9904.21.05,Subchapter IV – Section 22 quantitative limitations,no,,,Valued 20¢/kg or more but less than 25¢/kg
9904.21.06,Subchapter IV – Section 22 quantitative limitations,no,,,Valued 25¢/kg or more but less than 30¢/kg
9904.21.07,Subchapter IV – Section 22 quantitative limitations,no,,,Valued 30¢/kg or more but less than 35¢/kg
9904.21.08,Subchapter IV – Section 22 quantitative limitations,no,,,Valued 35¢/kg or more
9904.21.09,Subchapter IV – Section 22 quantitative limitations,no,,,If entered during the effective period of safeguards based upon quantity announced by the Secretary of Agriculture
9904.21.10,Subchapter IV – Section 22 quantitative limitations,no,,,Valued less than 20¢/liter
9904.21.11,Subchapter IV – Section 22 quantitative limitations,no,,,Valued 20¢/liter or more but less than 30¢/liter
9904.21.12,Subchapter IV – Section 22 quantitative limitations,no,,,Valued 30¢/liter or more but less than 40¢/liter
9904.21.13,Subchapter IV – Section 22 quantitative limitations,no,,,Valued 40¢/liter or more but less than 50¢/liter
9904.21.14,Subchapter IV – Section 22 quantitative limitations,no,,,Valued 50¢/liter or more but less than 60¢/liter
9904.21.15,Subchapter IV – Section 22 quantitative limitations,no,,,Valued 60¢/liter or more but less than 70¢/liter
9904.21.16,Subchapter IV – Section 22 quantitative limitations,no,,,Valued 70¢/liter or more but less than 80¢/liter
9904.21.17,Subchapter IV – Section 22 quantitative limitations,no,,,Valued 80¢/liter or more
9904.21.18,Subchapter IV – Section 22 quantitative limitations,no,,,If entered during the effective period of safeguards based upon quantity announced by the Secretary of Agriculture
9904.23.01,Subchapter IV – Section 22 quantitative limitations,no,,,Valued less than 25¢/kg
9904.23.02,Subchapter IV – Section 22 quantitative limitations,no,,,Valued 25¢/kg or more but less than 35¢/kg
9904.23.03,Subchapter IV – Section 22 quantitative limitations,no,,,Valued 35¢/kg or more but less than 45¢/kg
9904.23.04,Subchapter IV – Section 22 quantitative limitations,no,,,Valued 45¢/kg or more but less than 55¢/kg
9904.23.05,Subchapter IV – Section 22 quantitative limitations,no,,,Valued 55¢/kg or more but less than 65¢/kg
9904.23.06,Subchapter IV – Section 22 quantitative limitations,no,,,Valued 65¢/kg or more but less than 75¢/kg
9904.23.07,Subchapter IV – Section 22 quantitative limitations,no,,,Valued 75¢/kg or more but less than 85¢/kg
9904.23.08,Subchapter IV – Section 22 quantitative limitations,no,,,Valued 85¢/kg or more
9904.23.09,Subchapter IV – Section 22 quantitative limitations,no,,,If entered during the effective period of safeguards based upon quantity announced by the Secretary of Agriculture
9904.52.01,Subchapter IV – Section 22 quantitative limitations,no,,,Valued less than 35¢/kg
9904.52.02,Subchapter IV – Section 22 quantitative limitations,no,,,Valued 35¢/kg or more but less than 55¢/kg
9904.52.03,Subchapter IV – Section 22 quantitative limitations,no,,,Valued 55¢/kg or more but less than 75¢/kg
9904.52.04,Subchapter IV – Section 22 quantitative limitations,no,,,Valued 75¢/kg or more but less than 95¢/kg
9904.52.05,Subchapter IV – Section 22 quantitative limitations,no,,,Valued 95¢/kg or more but less than $1.15/kg
9904.52.06,Subchapter IV – Section 22 quantitative limitations,no,,,Valued $1.15/kg or more but less than $1.25/kg
9904.52.07,Subchapter IV – Section 22 quantitative limitations,no,,,Valued $1.25/kg or more but less than $1.35/kg
9904.52.08,Subchapter IV – Section 22 quantitative limitations,no,,,Valued $1.35/kg or more
9904.52.09,Subchapter IV – Section 22 quantitative limitations,no,,,If entered during the effective period of safeguards based upon quantity announced by the Secretary of Agriculture
9904.52.10,Subchapter IV – Section 22 quantitative limitations,no,,,Valued less than 10¢/kg
9904.52.11,Subchapter IV – Section 22 quantitative limitations,no,,,Valued 10¢/kg or more but less than 30¢/kg
9904.52.12,Subchapter IV – Section 22 quantitative limitations,no,,,Valued 30¢/kg or more but less than 50¢/kg
9904.52.13,Subchapter IV – Section 22 quantitative limitations,no,,,Valued 50¢/kg or more but less than 70¢/kg
9904.52.14,Subchapter IV – Section 22 quantitative limitations,no,,,Valued 70¢/kg or more but less than 90¢/kg
9904.52.15,Subchapter IV – Section 22 quantitative limitations,no,,,Valued 90¢/kg or more
9904.52.16,Subchapter IV – Section 22 quantitative limitations,no,,,If entered during the effective period of safeguards based upon quantity announced by the Secretary of Agriculture
9904.52.17,Subchapter IV – Section 22 quantitative limitations,no,,,Valued less than 20¢/kg
9904.52.18,Subchapter IV – Section 22 quantitative limitations,no,,,Valued 20¢/kg or more but less than 40¢/kg
9904.52.19,Subchapter IV – Section 22 quantitative limitations,no,,,Valued 40¢/kg or more but less than 60¢/kg
9904.52.20,Subchapter IV – Section 22 quantitative limitations,no,,,Valued 60¢/kg or more but less than 80¢/kg
9904.52.21,Subchapter IV – Section 22 quantitative limitations,no,,,Valued 80¢/kg or more but less than $1/kg
9904.52.22,Subchapter IV – Section 22 quantitative limitations,no,,,Valued $1/kg or more
9904.52.23,Subchapter IV – Section 22 quantitative limitations,no,,,If entered during the effective period of safeguards based upon quantity announced by the Secretary of Agriculture
9904.52.24,Subchapter IV – Section 22 quantitative limitations,no,,,Valued less than 50¢/kg
9904.52.25,Subchapter IV – Section 22 quantitative limitations,no,,,Valued 50¢/kg or more but less than 80¢/kg
9904.52.26,Subchapter IV – Section 22 quantitative limitations,no,,,Valued 80¢/kg or more but less than $1.10/kg
9904.52.27,Subchapter IV – Section 22 quantitative limitations,no,,,Valued $1.10/kg or more but less than $1.40/kg
9904.52.28,Subchapter IV – Section 22 quantitative limitations,no,,,Valued $1.40/kg or more but less than $1.70/kg
9904.52.29,Subchapter IV – Section 22 quantitative limitations,no,,,Valued $1.70/kg or more but less than $2/kg
9904.52.30,Subchapter IV – Section 22 quantitative limitations,no,,,Valued $2/kg or more but less than $2.20/kg
9904.52.31,Subchapter IV – Section 22 quantitative limitations,no,,,Valued $2.20/kg or more but less than $2.30/kg
9904.52.32,Subchapter IV – Section 22 quantitative limitations,no,,,Valued $2.30/kg or more but less than $2.40/kg
9904.52.33,Subchapter IV – Section 22 quantitative limitations,no,,,Valued $2.40/kg or more
9904.52.34,Subchapter IV – Section 22 quantitative limitations,no,,,If entered during the effective period of safeguards based upon quantity announced by the Secretary of Agriculture
9904.52.35,Subchapter IV – Section 22 quantitative limitations,no,,,Valued less than $1.20/kg
9904.52.36,Subchapter IV – Section 22 quantitative limitations,no,,,Valued $1.20/kg or more but less than $2.20/kg
9904.52.37,Subchapter IV – Section 22 quantitative limitations,no,,,Valued $2.20/kg or more but less than $3.20/kg
9904.52.38,Subchapter IV – Section 22 quantitative limitations,no,,,Valued $3.20/kg or more but less than $4.20/kg
9904.52.39,Subchapter IV – Section 22 quantitative limitations,no,,,Valued $4.20/kg or more but less than $5.20/kg
9904.52.40,Subchapter IV – Section 22 quantitative limitations,no,,,Valued $5.20/kg or more but less than $6.20/kg
9904.52.41,Subchapter IV – Section 22 quantitative limitations,no,,,Valued $6.20/kg or more but less than $7.20/kg
9904.52.42,Subchapter IV – Section 22 quantitative limitations,no,,,Valued $7.20/kg or more
9904.52.43,Subchapter IV – Section 22 quantitative limitations,no,,,If entered during the effective period of safeguards based upon quantity announced by the Secretary of Agriculture
9904.52.44,Subchapter IV – Section 22 quantitative limitations,no,,,Valued less than 10¢/kg
9904.52.45,Subchapter IV – Section 22 quantitative limitations,no,,,Valued 10¢/kg or more but less than 20¢/kg
9904.52.46,Subchapter IV – Section 22 quantitative limitations,no,,,Valued 20¢/kg or more but less than 30¢/kg
9904.52.47,Subchapter IV – Section 22 quantitative limitations,no,,,Valued 30¢/kg or more but less than 40¢/kg
9904.52.48,Subchapter IV – Section 22 quantitative limitations,no,,,Valued 40¢/kg or more but less than 50¢/kg
9904.52.49,Subchapter IV – Section 22 quantitative limitations,no,,,Valued 50¢/kg or more
9904.52.50,Subchapter IV – Section 22 quantitative limitations,no,,,If entered during the effective period of safeguards based upon quantity announced by the Secretary of Agriculture
9908.04.01,Subchapter VIII,no,,,"Provided for in subheading 0401.50.75, 0403.90.78 or 0405.10.20 and subject to the quantitative limits specified in U.S. note 3 to this subchapter"
9908.04.03,Subchapter VIII,no,,,Provided for in subheading 0402.10.50 or 0402.21.25 and subject to the quantitative limits specified in U.S. note 4 to this subchapter
9908.04.05,Subchapter VIII,no,,,"Provided for in subheading 0406.10.08, 0406.10.18, 0406.10.28, 0406.10.38, 0406.10.48, 0406.10.58, 0406.10.68, 0406.10.78, 0406.10.88, 0406.20.28, 0406.20.33, 0406.20.39, 0406.20.48, 0406.20.53, 0406.20.63, 0406.20.67, 0406.20.71, 0406.20.75, 0406.20.79, 0406.20.83, 0406.20.87, 0406.20.91, 0406.30.18, 0406.30.28, 0406.30.38, 0406.30.48, 0406.30.53, 0406.30.63, 0406.30.67, 0406.30.71, 0406.30.75, 0406.30.79, 0406.30.83, 0406.30.87, 0406.30.91, 0406.40.70, 0406.90.12, 0406.90.18, 0406.90.32, 0406.90.37, 0406.90.42, 0406.90.48, 0406.90.54, 0406.90.68, 0406.90.74, 0406.90.78, 0406.90.84, 0406.90.88, 0406.90.92, 0406.90.94, 0406.90.97 or 1901.90.36 and subject to the quantitative limits specified in U.S. note 5 to this subchapter"
9908.12.01,Subchapter VIII,no,,,"Provided for in subheading 1202.30.80, 1202.41.80, 1202.42.20, 1202.42.90 or 2008.11.61 and subject to the quantitative limits specified in U.S. note 6 to this subchapter"
9908.21.01,Subchapter VIII,no,,,Provided for in subheading 2105.00.20 and subject to the quantitative limits specified in U.S. note 7 to this subchapter
9918.02.01,Subchapter XVIII,no,,,Subject to the quantitative limits specified in U.S. note 3(a) to this subchapter
9918.02.02,Subchapter XVIII,no,,,U.S. note 3 (b) to this subchapter
9918.02.03,Subchapter XVIII,no,,,Other
9918.04.01,Subchapter XVIII,no,,,Subject to the quantitative limits specified in U.S. note 4 to this subchapter
9918.04.02,Subchapter XVIII,no,,,Other
9918.04.04,Subchapter XVIII,no,,,Subject to the quantitative limits specified in U.S. note 5 to this subchapter
9918.04.05,Subchapter XVIII,no,,,Goods provided for in subheading 0401.50.75 or 0403.90.78
9918.04.06,Subchapter XVIII,no,,,Goods provided for in subheading 0405.10.20
9918.04.07,Subchapter XVIII,no,,,"Goods provided for in subheading 0405.20.30, 2106.90.26, or 2106.90.36"
9918.04.08,Subchapter XVIII,no,,,Goods provided for in subheading 0405.90.20
9918.04.50,Subchapter XVIII,no,,,Subject to the quantitative limits specified in U.S. note 6 to this subchapter
9918.04.51,Subchapter XVIII,no,,,"Goods provided for in subheading 0406.10.08, 0406.10.88, 0406.20.91, 0406.30.91 or 0406.90.97"
9918.04.52,Subchapter XVIII,no,,,"Goods provided for in subheading 0406.10.18, 0406.20.28, 0406.20.63, 0406.30.18, 0406.30.63, 0406.40.70 or 0406.90.74"
9918.04.53,Subchapter XVIII,no,,,"Goods provided for in subheading 0406.10.28, 0406.20.33, 0406.20.67, 0406.30.28, 0406.30.67, 0406.90.12 or 0406.90.78"
9918.04.54,Subchapter XVIII,no,,,"Goods provided for in subheading 0406.10.38, 0406.20.39, 0406.20.71, 0406.30.38, 0406.30.71, 0406.90.54 or 0406.90.84"
9918.04.55,Subchapter XVIII,no,,,"Goods provided for in subheading 0406.10.48, 0406.20.48, 0406.20.75, 0406.30.48, 0406.30.75, 0406.90.18 or 0406.90.88"
9918.04.56,Subchapter XVIII,no,,,"Goods provided for in subheading 0406.10.58, 0406.20.53, 0406.20.79, 0406.30.79, 0406.90.32, 0406.90.37, 0406.90.42 or 0406.90.68"
9918.04.57,Subchapter XVIII,no,,,"Goods provided for in subheading 0406.10.68, 0406.20.83, 0406.30.53, 0406.30.83 or 0406.90.92"
9918.04.58,Subchapter XVIII,no,,,"Goods provided for in subheading 0406.10.78, 0406.20.87, 0406.30.87, 0406.90.94 or 1901.90.36"
9918.04.59,Subchapter XVIII,no,,,Goods provided for in subheading 0406.90.48
9918.04.60,Subchapter XVIII,no,,,Subject to the quantitative limits specified in U.S. note 7 to this subchapter
9918.04.61,Subchapter XVIII,no,,,Goods provided for in subheading 0402.29.50
9918.04.62,Subchapter XVIII,no,,,Goods provided for in subheading 0402.99.90
9918.04.63,Subchapter XVIII,no,,,Goods provided for in subheading 0403.20.50
9918.04.64,Subchapter XVIII,no,,,Goods provided for in subheading 0403.90.95
9918.04.65,Subchapter XVIII,no,,,Goods provided for in subheading 0404.10.15
9918.04.66,Subchapter XVIII,no,,,Goods provided for in subheading 0404.90.50
9918.04.67,Subchapter XVIII,no,,,Goods provided for in subheading 0405.20.70 or 2106.90.66
9918.04.68,Subchapter XVIII,no,,,Goods provided for in subheading 1517.90.60
9918.04.69,Subchapter XVIII,no,,,Goods provided for in subheading 1704.90.58
9918.04.70,Subchapter XVIII,no,,,Goods provided for in subheading 1806.20.82
9918.04.71,Subchapter XVIII,no,,,Goods provided for in subheading 1806.20.83
9918.04.72,Subchapter XVIII,no,,,Goods provided for in subheading 1806.32.70 or 1806.90.08
9918.04.73,Subchapter XVIII,no,,,Goods provided for in subheading 1806.32.80 or 1806.90.10
9918.04.74,Subchapter XVIII,no,,,"Goods provided for in subheading 1901.10.16, 1901.10.26 1901.10.36, or 1901.10.44"
9918.04.75,Subchapter XVIII,no,,,Goods provided for in subheading 1901.20.15 or 1901.20.50
9918.04.76,Subchapter XVIII,no,,,"Goods provided for in subheading 1901.10.56, 1901.10.66, 1901.90.62 or 1901.90.65"
9918.04.77,Subchapter XVIII,no,,,Goods provided for in subheading 2105.00.40
9918.04.78,Subchapter XVIII,no,,,Goods provided for in subheading 2106.90.09
9918.04.79,Subchapter XVIII,no,,,Goods provided for in subheading 2106.90.87
9918.04.80,Subchapter XVIII,no,,,Goods provided for in subheading 2202.99.28
9918.21.10,Subchapter XVIII,no,,,Subject to the quantitative limits specified in U.S. note 8 to this subchapter
9918.21.11,Subchapter XVIII,no,,,Other
9918.24.10,Subchapter XVIII,no,,,Subject to the quantitative limits specified in U.S. note 9 to this subchapter
9918.24.11,Subchapter XVIII,no,,,Other
9918.24.15,Subchapter XVIII,no,,,"Goods provided for in subheading 2402.20.10, 2402.20.80, 2402.20.90 or 2402.90.00 or heading 2403 (other than subheading 2403.19.90 or 2403.99.90)"
9918.24.20,Subchapter XVIII,no,,,Goods provided for in subheading 2403.19.90 or 2403.99.90 Other
9919.02.01,Subchapter XIX,no,,,Subject to the quantitative limits specified in U.S. note 3 to this subchapter
9919.02.02,Subchapter XIX,no,,,Other.
9919.04.10,Subchapter XIX,no,,,Subject to the quantitative limits specified in U.S. note 4(a) to this subchapter
9919.04.11,Subchapter XIX,no,,,0402.91.70 or 0402.91.90 .
9919.04.12,Subchapter XIX,no,,,Goods provided for in subheading 0402.99.45 or 0402.99.55 .
9919.04.13,Subchapter XIX,no,,,Goods provided for in subheading 0402.91.70 or 0402.91.90 .
9919.04.14,Subchapter XIX,no,,,Goods provided for in subheading 0402.99.45 or 0402.99.55 .
9919.04.40,Subchapter XIX,no,,,Subject to the quantitative limits specified in U.S. note 5(a) to this subchapter .
9919.04.41,Subchapter XIX,no,,,Subject to the quantitative limits specified in U.S. note 5(b) to this subchapter .
9919.04.42,Subchapter XIX,no,,,Other
9919.04.50,Subchapter XIX,no,,,Subject to the quantitative limits specified in U.S. note 6(a) to this subchapter
9919.04.51,Subchapter XIX,no,,,"Goods provided for in subheading 0406.10.18, 0406.20.28, 0406.20.63, 0406.30.18, 0406.30.63, 0406.40.70 or 0406.90.74"
9919.04.52,Subchapter XIX,no,,,"Goods provided for in subheading 0406.10.28, 0406.20.33, 0406.20.67, 0406.30.28, 0406.30.67, 0406.90.12 or 0406.90.78"
9919.04.53,Subchapter XIX,no,,,"Goods provided for in subheading 0406.10.38, 0406.20.39, 0406.20.71, 0406.30.38, 0406.30.71, 0406.90.54 or 0406.90.84"
9919.04.54,Subchapter XIX,no,,,"Goods provided for in subheading 0406.10.48, 0406.20.48, 0406.20.75, 0406.30.48, 0406.30.75, 0406.90.18 or 0406.90.88"
9919.04.55,Subchapter XIX,no,,,"Goods provided for in subheading 0406.10.58, 0406.20.53, 0406.20.79, 0406.30.79, 0406.90.32, 0406.90.37, 0406.90.42 or 0406.90.68"
9919.04.56,Subchapter XIX,no,,,"Goods provided for in subheading 0406.10.68, 0406.20.83, 0406.30.53, 0406.30.83 or 0406.90.92"
9919.04.57,Subchapter XIX,no,,,"Goods provided for in subheading 0406.10.78, 0406.20.87, 0406.30.87, 0406.90.94 or 1901.90.36"
9919.04.58,Subchapter XIX,no,,,Goods provided for in subheading 0406.90.48
9919.04.61,Subchapter XIX,no,,,"Goods provided for in subheading 0406.10.18, 0406.20.28, 0406.20.63, 0406.30.18, 0406.30.63, 0406.40.70 or 0406.90.74"
9919.04.62,Subchapter XIX,no,,,"0406.10.28, 0406.20.33, 0406.20.67, 0406.30.28, 0406.30.67, 0406.90.12 or 0406.90.78 ."
9919.04.63,Subchapter XIX,no,,,"Goods provided for in subheading 0406.10.38, 0406.20.39, 0406.20.71, 0406.30.38, 0406.30.71, 0406.90.54 or 0406.90.84"
9919.04.64,Subchapter XIX,no,,,"Goods provided for in subheading 0406.10.48, 0406.20.48, 0406.20.75, 0406.30.48, 0406.30.75, 0406.90.18 or 0406.90.88"
9919.04.65,Subchapter XIX,no,,,"Goods provided for in subheading 0406.10.58, 0406.20.53, 0406.20.79, 0406.30.79, 0406.90.32, 0406.90.37, 0406.90.42 or 0406.90.68"
9919.04.66,Subchapter XIX,no,,,"Goods provided for in subheading 0406.10.68, 0406.20.83, 0406.30.53, 0406.30.83 or 0406.90.92"
9919.04.67,Subchapter XIX,no,,,"Goods provided for in subheading 0406.10.78, 0406.20.87, 0406.30.87, 0406.90.94 or 1901.90.36"
9919.04.68,Subchapter XIX,no,,,Goods provided for in subheading 0406.90.48
9919.21.10,Subchapter XIX,no,,,Subject to the quantitative limits specified in U.S. note 7(a) to this subchapter
9919.21.11,Subchapter XIX,no,,,Subject to the quantitative limits specified in U.S. note 7(b) to this subchapter
9919.21.12,Subchapter XIX,no,,,Other
9919.61.01,Subchapter XIX,no,,,"Goods other than babiesʼ socks and booties currently provided for in 6111.20.60, 6111.30.50, or 6111.90.50"
9919.61.02,Subchapter XIX,no,,,Babiesʼ socks and booties provided for in subheading 6111.20.60 .
9919.61.03,Subchapter XIX,no,,,Babiesʼ socks and booties provided for in subheading 6111.30.50 .
9919.61.04,Subchapter XIX,no,,,Babiesʼ socks and booties provided for in subheading 6111.90.50 .
9919.61.05,Subchapter XIX,no,,,Goods other than socks
9919.61.06,Subchapter XIX,no,,,Socks provided for in subheading 6115.94.00
9919.61.07,Subchapter XIX,no,,,Socks provided for in subheading 6115.95.60
9919.61.08,Subchapter XIX,no,,,Socks provided for in subheadings 6115.95.90
9919.61.09,Subchapter XIX,no,,,Socks provided for in subheading 6115.96.60 or 6115.99.14
9919.61.10,Subchapter XIX,no,,,Socks provided for in subheadings 6115.96.90 : or 6115.99.19
9919.61.11,Subchapter XIX,no,,,Socks provided for in subheading 6115.99.40
9919.61.12,Subchapter XIX,no,,,Socks provided for in subheading 6115.99.90
9921.01.01,Subchapter XXI,no,,,Of automotive air conditioners
9921.01.02,Subchapter XXI,no,,,Other
